{"loss": 0.45902806520462036, "epoch": 99, "_timestamp": 1709805593.368617, "_runtime": 66.12303495407104, "_step": 99, "gradients/graph_188.bias": {"_type": "histogram", "values": [1.0], "bins": [-11159.17578125, -11159.17578125]}, "gradients/graph_188.weight": {"_type": "histogram", "values": [4.0, 1.0, 1.0, 2.0, 1.0, 2.0, 0.0, 0.0, 0.0, 0.0, 0.0, 0.0, 0.0, 0.0, 0.0, 0.0, 0.0, 0.0, 0.0, 0.0, 0.0, 0.0, 0.0, 0.0, 0.0, 0.0, 0.0, 0.0, 0.0, 0.0, 0.0, 0.0, 0.0, 0.0, 0.0, 0.0, 0.0, 0.0, 0.0, 0.0, 0.0, 0.0, 0.0, 0.0, 0.0, 0.0, 0.0, 0.0, 0.0, 0.0, 0.0, 0.0, 0.0, 0.0, 0.0, 0.0, 0.0, 0.0, 0.0, 0.0, 0.0, 0.0, 0.0, 21.0], "bins": [-172914049024.0, -170212261888.0, -167510491136.0, -164808704000.0, -162106916864.0, -159405146112.0, -156703358976.0, -154001571840.0, -151299784704.0, -148598013952.0, -145896226816.0, -143194439680.0, -140492668928.0, -137790881792.0, -135089102848.0, -132387315712.0, -129685536768.0, -126983757824.0, -124281970688.0, -121580191744.0, -118878404608.0, -116176625664.0, -113474846720.0, -110773059584.0, -108071280640.0, -105369501696.0, -102667714560.0, -99965935616.0, -97264156672.0, -94562369536.0, -91860590592.0, -89158803456.0, -86457024512.0, -83755245568.0, -81053458432.0, -78351679488.0, -75649892352.0, -72948113408.0, -70246334464.0, -67544551424.0, -64842768384.0, -62140985344.0, -59439202304.0, -56737423360.0, -54035640320.0, -51333857280.0, -48632078336.0, -45930295296.0, -43228512256.0, -40526729216.0, -37824946176.0, -35123167232.0, -32421384192.0, -29719601152.0, -27017820160.0, -24316039168.0, -21614256128.0, -18912473088.0, -16210692096.0, -13508910080.0, -10807128064.0, -8105346048.0, -5403564032.0, -2701782016.0, 0.0]}, "gradients/graph_186.bias": {"_type": "histogram", "values": [2.0, 1.0, 0.0, 1.0, 2.0, 0.0, 0.0, 0.0, 1.0, 1.0, 1.0, 1.0, 0.0, 0.0, 0.0, 1.0, 0.0, 0.0, 0.0, 0.0, 0.0, 0.0, 0.0, 0.0, 0.0, 0.0, 0.0, 0.0, 0.0, 0.0, 0.0, 0.0, 0.0, 0.0, 0.0, 0.0, 0.0, 0.0, 0.0, 0.0, 0.0, 0.0, 0.0, 0.0, 0.0, 0.0, 0.0, 0.0, 0.0, 0.0, 0.0, 0.0, 0.0, 0.0, 0.0, 0.0, 0.0, 0.0, 0.0, 0.0, 0.0, 0.0, 0.0, 21.0], "bins": [-7426.103515625, -7308.8017578125, -7191.50048828125, -7074.19873046875, -6956.89697265625, -6839.595703125, -6722.2939453125, -6604.99267578125, -6487.69091796875, -6370.38916015625, -6253.087890625, -6135.7861328125, -6018.484375, -5901.18310546875, -5783.88134765625, -5666.57958984375, -5549.2783203125, -5431.9765625, -5314.6748046875, -5197.37353515625, -5080.07177734375, -4962.7705078125, -4845.46875, -4728.1669921875, -4610.86572265625, -4493.56396484375, -4376.26220703125, -4258.9609375, -4141.6591796875, -4024.357666015625, -3907.05615234375, -3789.75439453125, -3672.453125, -3555.1513671875, -3437.849853515625, -3320.54833984375, -3203.24658203125, -3085.945068359375, -2968.6435546875, -2851.342041015625, -2734.040283203125, -2616.73876953125, -2499.437255859375, -2382.135498046875, -2264.833984375, -2147.532470703125, -2030.2308349609375, -1912.9293212890625, -1795.627685546875, -1678.326171875, -1561.0245361328125, -1443.722900390625, -1326.42138671875, -1209.1197509765625, -1091.8182373046875, -974.5166015625, -857.2150268554688, -739.9134521484375, -622.6118774414062, -505.310302734375, -388.00872802734375, -270.7071228027344, -153.40554809570312, -36.103965759277344, 81.19761657714844]}, "gradients/graph_186.weight": {"_type": "histogram", "values": [32.0, 43.0, 25.0, 11.0, 48.0, 42.0, 6.0, 3.0, 6.0, 32.0, 35.0, 39.0, 33.0, 5.0, 1.0, 7.0, 28.0, 7.0, 1.0, 1.0, 0.0, 4.0, 1.0, 1.0, 2.0, 0.0, 0.0, 2.0, 1.0, 1.0, 0.0, 1.0, 0.0, 0.0, 0.0, 0.0, 0.0, 0.0, 0.0, 0.0, 0.0, 0.0, 0.0, 0.0, 0.0, 0.0, 0.0, 0.0, 0.0, 0.0, 0.0, 0.0, 0.0, 0.0, 0.0, 0.0, 0.0, 0.0, 0.0, 6.0, 5.0, 0.0, 0.0, 1619.0], "bins": [-6137993728.0, -6041038848.0, -5944083968.0, -5847129088.0, -5750174720.0, -5653219840.0, -5556264960.0, -5459310080.0, -5362355200.0, -5265400320.0, -5168445952.0, -5071491072.0, -4974536192.0, -4877581312.0, -4780626432.0, -4683671552.0, -4586717184.0, -4489762304.0, -4392807424.0, -4295852544.0, -4198897664.0, -4101943040.0, -4004988160.0, -3908033280.0, -3811078656.0, -3714123776.0, -3617168896.0, -3520214016.0, -3423259392.0, -3326304512.0, -3229349632.0, -3132395008.0, -3035440384.0, -2938485504.0, -2841530624.0, -2744576000.0, -2647621120.0, -2550666240.0, -2453711616.0, -2356756736.0, -2259801856.0, -2162846976.0, -2065892352.0, -1968937472.0, -1871982720.0, -1775027840.0, -1678073088.0, -1581118336.0, -1484163456.0, -1387208704.0, -1290253952.0, -1193299072.0, -1096344320.0, -999389504.0, -902434688.0, -805479872.0, -708525120.0, -611570304.0, -514615488.0, -417660704.0, -320705888.0, -223751104.0, -126796296.0, -29841496.0, 67113304.0]}, "gradients/graph_184.bias": {"_type": "histogram", "values": [3.0, 1.0, 2.0, 6.0, 9.0, 2.0, 6.0, 4.0, 1.0, 0.0, 0.0, 1.0, 1.0, 1.0, 0.0, 0.0, 0.0, 0.0, 0.0, 0.0, 0.0, 0.0, 0.0, 0.0, 0.0, 1.0, 0.0, 0.0, 0.0, 0.0, 0.0, 0.0, 0.0, 0.0, 0.0, 0.0, 0.0, 0.0, 0.0, 0.0, 0.0, 0.0, 0.0, 0.0, 0.0, 0.0, 0.0, 0.0, 0.0, 0.0, 0.0, 0.0, 0.0, 0.0, 0.0, 0.0, 0.0, 0.0, 0.0, 0.0, 1.0, 0.0, 0.0, 25.0], "bins": [-39336.1328125, -38721.50390625, -38106.87890625, -37492.25, -36877.625, -36262.99609375, -35648.37109375, -35033.7421875, -34419.1171875, -33804.48828125, -33189.86328125, -32575.234375, -31960.607421875, -31345.98046875, -30731.353515625, -30116.7265625, -29502.099609375, -28887.47265625, -28272.845703125, -27658.21875, -27043.591796875, -26428.96484375, -25814.337890625, -25199.7109375, -24585.08203125, -23970.455078125, -23355.828125, -22741.201171875, -22126.57421875, -21511.947265625, -20897.3203125, -20282.693359375, -19668.06640625, -19053.439453125, -18438.8125, -17824.185546875, -17209.55859375, -16594.931640625, -15980.3037109375, -15365.6767578125, -14751.0498046875, -14136.4228515625, -13521.7958984375, -12907.1689453125, -12292.541015625, -11677.9140625, -11063.287109375, -10448.66015625, -9834.033203125, -9219.40625, -8604.779296875, -7990.15185546875, -7375.52490234375, -6760.89794921875, -6146.2705078125, -5531.6435546875, -4917.0166015625, -4302.3896484375, -3687.762451171875, -3073.13525390625, -2458.50830078125, -1843.8812255859375, -1229.254150390625, -614.6270751953125, 0.0]}, "gradients/graph_184.weight": {"_type": "histogram", "values": [73.0, 162.0, 120.0, 182.0, 556.0, 647.0, 363.0, 546.0, 390.0, 196.0, 89.0, 85.0, 150.0, 155.0, 97.0, 60.0, 69.0, 59.0, 75.0, 56.0, 54.0, 32.0, 25.0, 29.0, 25.0, 42.0, 96.0, 13.0, 8.0, 8.0, 5.0, 3.0, 1.0, 4.0, 2.0, 3.0, 1.0, 0.0, 2.0, 1.0, 0.0, 0.0, 0.0, 0.0, 0.0, 0.0, 0.0, 0.0, 7.0, 25.0, 2.0, 3.0, 0.0, 0.0, 1.0, 0.0, 0.0, 0.0, 0.0, 0.0, 102.0, 23.0, 107.0, 3438.0], "bins": [-616744704.0, -607108096.0, -597471424.0, -587834816.0, -578198144.0, -568561536.0, -558924864.0, -549288256.0, -539651584.0, -530014976.0, -520378336.0, -510741696.0, -501105088.0, -491468448.0, -481831808.0, -472195168.0, -462558528.0, -452921888.0, -443285248.0, -433648608.0, -424011968.0, -414375360.0, -404738720.0, -395102080.0, -385465440.0, -375828800.0, -366192160.0, -356555520.0, -346918912.0, -337282272.0, -327645632.0, -318008992.0, -308372352.0, -298735712.0, -289099072.0, -279462432.0, -269825792.0, -260189168.0, -250552544.0, -240915904.0, -231279264.0, -221642624.0, -212005984.0, -202369360.0, -192732720.0, -183096080.0, -173459456.0, -163822816.0, -154186176.0, -144549536.0, -134912896.0, -125276272.0, -115639632.0, -106002992.0, -96366360.0, -86729728.0, -77093088.0, -67456448.0, -57819816.0, -48183180.0, -38546544.0, -28909908.0, -19273272.0, -9636636.0, 0.0]}, "gradients/graph_182.bias": {"_type": "histogram", "values": [104.0, 12.0, 2.0, 0.0, 0.0, 2.0, 2.0, 5.0, 0.0, 0.0, 0.0, 0.0, 0.0, 0.0, 0.0, 0.0, 0.0, 0.0, 0.0, 0.0, 0.0, 0.0, 0.0, 0.0, 0.0, 0.0, 0.0, 0.0, 0.0, 0.0, 0.0, 0.0, 0.0, 0.0, 0.0, 0.0, 0.0, 0.0, 0.0, 0.0, 0.0, 0.0, 0.0, 0.0, 0.0, 0.0, 0.0, 0.0, 0.0, 0.0, 0.0, 0.0, 0.0, 0.0, 0.0, 0.0, 0.0, 0.0, 0.0, 0.0, 0.0, 0.0, 0.0, 1.0],