{"loss": 0.22888310253620148, "epoch": 999, "_timestamp": 1709805343.547668, "_runtime": 729.2480690479279, "_step": 999, "gradients/graph_178.bias": {"_type": "histogram", "values": [1.0], "bins": [-108657.4609375, -108657.4609375]}, "gradients/graph_178.weight": {"_type": "histogram", "values": [3.0, 0.0, 0.0, 1.0, 0.0, 0.0, 0.0, 0.0, 0.0, 0.0, 0.0, 1.0, 0.0, 0.0, 0.0, 0.0, 0.0, 0.0, 0.0, 0.0, 0.0, 0.0, 0.0, 1.0, 0.0, 0.0, 0.0, 0.0, 1.0, 0.0, 0.0, 0.0, 1.0, 0.0, 0.0, 0.0, 0.0, 0.0, 0.0, 0.0, 0.0, 0.0, 0.0, 2.0, 0.0, 0.0, 0.0, 0.0, 0.0, 1.0, 0.0, 0.0, 0.0, 1.0, 0.0, 0.0, 0.0, 0.0, 1.0, 1.0, 0.0, 0.0, 0.0, 18.0], "bins": [-11510212608.0, -11329051648.0, -11147890688.0, -10966729728.0, -10785568768.0, -10604408832.0, -10423247872.0, -10242086912.0, -10060925952.0, -9879764992.0, -9698604032.0, -9517443072.0, -9336283136.0, -9155122176.0, -8973961216.0, -8792800256.0, -8611639296.0, -8430478336.0, -8249317376.0, -8068156928.0, -7886995968.0, -7705835008.0, -7524674560.0, -7343513600.0, -7162352640.0, -6981191680.0, -6800030720.0, -6618870272.0, -6437709312.0, -6256548352.0, -6075387904.0, -5894226944.0, -5713065472.0, -5531905024.0, -5350744064.0, -5169583104.0, -4988422144.0, -4807261696.0, -4626100736.0, -4444939776.0, -4263779072.0, -4082618112.0, -3901457408.0, -3720296448.0, -3539135744.0, -3357974784.0, -3176814080.0, -2995653120.0, -2814492416.0, -2633331456.0, -2452170752.0, -2271009792.0, -2089849088.0, -1908688128.0, -1727527424.0, -1546366464.0, -1365205760.0, -1184044800.0, -1002884032.0, -821723200.0, -640562368.0, -459401536.0, -278240704.0, -97079872.0, 84080960.0]}, "gradients/graph_176.bias": {"_type": "histogram", "values": [1.0, 0.0, 0.0, 0.0, 0.0, 0.0, 0.0, 0.0, 0.0, 0.0, 0.0, 0.0, 0.0, 1.0, 0.0, 1.0, 0.0, 0.0, 1.0, 1.0, 1.0, 3.0, 1.0, 2.0, 2.0, 0.0, 0.0, 0.0, 0.0, 0.0, 0.0, 0.0, 0.0, 0.0, 0.0, 0.0, 0.0, 0.0, 0.0, 0.0, 0.0, 0.0, 0.0, 0.0, 0.0, 0.0, 0.0, 0.0, 0.0, 0.0, 0.0, 0.0, 0.0, 0.0, 0.0, 0.0, 1.0, 0.0, 0.0, 16.0, 0.0, 0.0, 0.0, 1.0], "bins": [-517084.59375, -508435.65625, -499786.6875, -491137.75, -482488.78125, -473839.84375, -465190.875, -456541.9375, -447893.0, -439244.03125, -430595.09375, -421946.125, -413297.1875, -404648.21875, -395999.28125, -387350.3125, -378701.375, -370052.4375, -361403.46875, -352754.53125, -344105.5625, -335456.625, -326807.65625, -318158.71875, -309509.75, -300860.8125, -292211.875, -283562.90625, -274913.96875, -266265.0, -257616.0625, -248967.109375, -240318.1875, -231669.234375, -223020.28125, -214371.328125, -205722.375, -197073.421875, -188424.46875, -179775.515625, -171126.5625, -162477.625, -153828.671875, -145179.71875, -136530.765625, -127881.8125, -119232.859375, -110583.9140625, -101934.9609375, -93286.0078125, -84637.0625, -75988.109375, -67339.15625, -58690.203125, -50041.25390625, -41392.3046875, -32743.3515625, -24094.400390625, -15445.44921875, -6796.498046875, 1852.453125, 10501.404296875, 19150.35546875, 27799.306640625, 36448.2578125]}, "gradients/graph_176.weight": {"_type": "histogram", "values": [1.0, 1.0, 0.0, 0.0, 1.0, 0.0, 0.0, 1.0, 0.0, 0.0, 0.0, 0.0, 0.0, 2.0, 2.0, 0.0, 2.0, 3.0, 2.0, 1.0, 4.0, 6.0, 3.0, 7.0, 4.0, 7.0, 5.0, 2.0, 2.0, 1.0, 0.0, 0.0, 0.0, 2.0, 1.0, 1.0, 2.0, 5.0, 6.0, 5.0, 6.0, 4.0, 9.0, 8.0, 11.0, 30.0, 48.0, 61.0, 65.0, 50.0, 38.0, 19.0, 7.0, 0.0, 2.0, 11.0, 3.0, 11.0, 23.0, 24.0, 1508.0, 25.0, 2.0, 4.0], "bins": [-5584052224.0, -5491725312.0, -5399398912.0, -5307072000.0, -5214745600.0, -5122418688.0, -5030092288.0, -4937765376.0, -4845438976.0, -4753112064.0, -4660785664.0, -4568458752.0, -4476132352.0, -4383805440.0, -4291479040.0, -4199152384.0, -4106825728.0, -4014498816.0, -3922172160.0, -3829845504.0, -3737518848.0, -3645192192.0, -3552865536.0, -3460538880.0, -3368212224.0, -3275885568.0, -3183558912.0, -3091232256.0, -2998905600.0, -2906578944.0, -2814252288.0, -2721925632.0, -2629598976.0, -2537272320.0, -2444945664.0, -2352619008.0, -2260292352.0, -2167965696.0, -2075639040.0, -1983312384.0, -1890985728.0, -1798659072.0, -1706332416.0, -1614005760.0, -1521679104.0, -1429352448.0, -1337025792.0, -1244699136.0, -1152372480.0, -1060045760.0, -967719104.0, -875392448.0, -783065728.0, -690739072.0, -598412416.0, -506085760.0, -413759104.0, -321432448.0, -229105776.0, -136779104.0, -44452448.0, 47874216.0, 140200880.0, 232527552.0, 324854208.0]}, "gradients/graph_174.bias": {"_type": "histogram", "values": [1.0, 0.0, 0.0, 0.0, 0.0, 0.0, 0.0, 0.0, 0.0, 0.0, 0.0, 0.0, 0.0, 0.0, 0.0, 0.0, 0.0, 0.0, 0.0, 0.0, 0.0, 0.0, 0.0, 1.0, 18.0, 9.0, 1.0, 0.0, 1.0, 0.0, 0.0, 0.0, 1.0, 1.0, 27.0, 1.0, 0.0, 0.0, 0.0, 0.0, 0.0, 0.0, 0.0, 0.0, 0.0, 0.0, 1.0, 0.0, 0.0, 0.0, 0.0, 0.0, 0.0, 0.0, 0.0, 0.0, 0.0, 0.0, 0.0, 0.0, 0.0, 1.0, 0.0, 1.0], "bins": [-14034232.0, -13631324.0, -13228416.0, -12825509.0, -12422601.0, -12019693.0, -11616786.0, -11213878.0, -10810970.0, -10408062.0, -10005154.0, -9602247.0, -9199339.0, -8796431.0, -8393524.0, -7990616.0, -7587708.0, -7184800.0, -6781892.5, -6378985.0, -5976077.0, -5573169.0, -5170261.5, -4767354.0, -4364446.0, -3961538.25, -3558630.5, -3155722.75, -2752815.0, -2349907.25, -1946999.5, -1544091.75, -1141184.0, -738276.25, -335368.5, 67539.25, 470447.0, 873354.75, 1276262.5, 1679170.25, 2082078.0, 2484985.75, 2887893.5, 3290801.25, 3693709.0, 4096616.75, 4499524.5, 4902432.0, 5305340.0, 5708248.0, 6111155.5, 6514063.0, 6916971.0, 7319879.0, 7722786.5, 8125694.0, 8528602.0, 8931510.0, 9334418.0, 9737325.0, 10140233.0, 10543141.0, 10946048.0, 11348956.0, 11751864.0]}, "gradients/graph_174.weight": {"_type": "histogram", "values": [1.0, 0.0, 0.0, 0.0, 0.0, 0.0, 0.0, 0.0, 0.0, 0.0, 0.0, 0.0, 0.0, 0.0, 0.0, 1.0, 0.0, 0.0, 1.0, 3.0, 7.0, 6.0, 11.0, 24.0, 53.0, 10.0, 0.0, 4.0, 11.0, 56.0, 478.0, 1915.0, 353.0, 502.0, 4407.0, 17.0, 22.0, 11.0, 80.0, 32.0, 8.0, 5.0, 46.0, 57.0, 33.0, 17.0, 12.0, 4.0, 1.0, 1.0, 1.0, 0.0, 0.0, 0.0, 0.0, 0.0, 0.0, 0.0, 0.0, 0.0, 0.0, 1.0, 0.0, 1.0], "bins": [-8788820992.0, -8535283200.0, -8281744896.0, -8028207104.0, -7774669312.0, -7521131520.0, -7267593216.0, -7014055424.0, -6760517632.0, -6506979328.0, -6253441536.0, -5999903744.0, -5746365952.0, -5492827648.0, -5239289856.0, -4985752064.0, -4732214272.0, -4478675968.0, -4225138176.0, -3971600128.0, -3718062336.0, -3464524288.0, -3210986496.0, -2957448448.0, -2703910400.0, -2450372608.0, -2196834560.0, -1943296768.0, -1689758720.0, -1436220800.0, -1182682880.0, -929144960.0, -675607040.0, -422069120.0, -168531168.0, 85006768.0, 338544704.0, 592082624.0, 845620608.0, 1099158528.0, 1352696448.0, 1606234368.0, 1859772288.0, 2113310208.0, 2366848256.0, 2620386048.0, 2873924096.0, 3127461888.0, 3380999936.0, 3634537984.0, 3888075776.0, 4141613824.0, 4395151872.0, 4648689664.0, 4902227456.0, 5155765248.0, 5409303552.0, 5662841344.0, 5916379136.0, 6169917440.0, 6423455232.0, 6676993024.0, 6930530816.0, 7184069120.0, 7437606912.0]}, "gradients/graph_172.bias": {"_type": "histogram", "values": [2.0, 0.0, 0.0, 0.0, 0.0, 0.0, 0.0, 0.0, 0.0, 0.0, 0.0, 0.0, 0.0, 0.0, 1.0, 0.0, 0.0, 0.0, 16.0, 73.0, 14.0, 11.0, 1.0, 1.0, 1.0, 0.0, 2.0, 1.0, 1.0, 1.0, 0.0, 0.0, 0.0, 1.0, 0.0, 0.0, 0.0, 0.0, 0.0, 0.0, 0.0, 0.0, 0.0, 0.0, 0.0, 0.0, 0.0, 0.0, 0.0, 0.0, 0.0, 0.0, 0.0, 0.0, 0.0, 0.0, 0.0, 0.0, 0.0, 0.0, 0.0, 0.0, 1.0, 1.0],