{"acc": 0.9207254905921202, "loss": 0.09190953170988052, "_timestamp": 1708149294.900301, "_runtime": 7.683996915817261, "_step": 7, "_wandb": {"runtime": 4}}