{"loss": 1.1016985177993774, "epoch": 0, "_timestamp": 1709808341.275388, "_runtime": 15.011607885360718, "_step": 0, "_wandb": {"runtime": 10}}