{"loss": 0.45816439390182495, "epoch": 99, "_timestamp": 1708159223.857106, "_runtime": 66.10694599151611, "_step": 99, "gradients/graph_86.bias": {"_type": "histogram", "values": [1.0], "bins": [32772.00390625, 32772.00390625]}, "gradients/graph_86.weight": {"_type": "histogram", "values": [1.0, 0.0, 0.0, 0.0, 0.0, 0.0, 23.0, 0.0, 0.0, 1.0, 1.0, 0.0, 0.0, 1.0, 0.0, 1.0, 2.0, 0.0, 0.0, 1.0, 2.0, 0.0, 1.0, 0.0, 0.0, 0.0, 0.0, 1.0, 5.0, 2.0, 1.0, 1.0, 1.0, 2.0, 0.0, 1.0, 2.0, 1.0, 0.0, 1.0, 2.0, 1.0, 2.0, 0.0, 1.0, 0.0, 0.0, 0.0, 0.0, 1.0, 0.0, 0.0, 2.0, 0.0, 0.0, 0.0, 1.0, 0.0, 0.0, 0.0, 1.0, 0.0, 0.0, 1.0], "bins": [-376420352.0, -317985696.0, -259551024.0, -201116352.0, -142681696.0, -84247032.0, -25812368.0, 32622296.0, 91056960.0, 149491616.0, 207926288.0, 266360960.0, 324795616.0, 383230272.0, 441664960.0, 500099616.0, 558534272.0, 616968960.0, 675403584.0, 733838272.0, 792272896.0, 850707584.0, 909142272.0, 967576896.0, 1026011584.0, 1084446208.0, 1142880896.0, 1201315584.0, 1259750272.0, 1318184960.0, 1376619520.0, 1435054208.0, 1493488896.0, 1551923584.0, 1610358272.0, 1668792832.0, 1727227520.0, 1785662208.0, 1844096896.0, 1902531584.0, 1960966144.0, 2019400832.0, 2077835520.0, 2136270208.0, 2194704896.0, 2253139456.0, 2311574272.0, 2370008832.0, 2428443648.0, 2486878208.0, 2545312768.0, 2603747584.0, 2662182144.0, 2720616960.0, 2779051520.0, 2837486080.0, 2895920896.0, 2954355456.0, 3012790272.0, 3071224832.0, 3129659392.0, 3188094208.0, 3246528768.0, 3304963584.0, 3363398144.0]}, "gradients/graph_83.bias": {"_type": "histogram", "values": [1.0, 0.0, 0.0, 0.0, 0.0, 0.0, 0.0, 0.0, 0.0, 24.0, 0.0, 1.0, 1.0, 1.0, 0.0, 0.0, 2.0, 0.0, 2.0, 0.0, 0.0, 2.0, 2.0, 1.0, 2.0, 0.0, 1.0, 1.0, 1.0, 2.0, 0.0, 4.0, 3.0, 1.0, 1.0, 1.0, 0.0, 1.0, 2.0, 0.0, 0.0, 1.0, 1.0, 0.0, 1.0, 1.0, 0.0, 0.0, 1.0, 0.0, 0.0, 1.0, 0.0, 0.0, 0.0, 0.0, 0.0, 0.0, 0.0, 0.0, 0.0, 0.0, 0.0, 1.0], "bins": [-145100.84375, -129449.453125, -113798.0625, -98146.6640625, -82495.2734375, -66843.8828125, -51192.48828125, -35541.09375, -19889.703125, -4238.310546875, 11413.08203125, 27064.474609375, 42715.8671875, 58367.2578125, 74018.65625, 89670.046875, 105321.4375, 120972.828125, 136624.21875, 152275.609375, 167927.0, 183578.40625, 199229.796875, 214881.1875, 230532.578125, 246183.96875, 261835.359375, 277486.75, 293138.15625, 308789.53125, 324440.9375, 340092.3125, 355743.75, 371395.15625, 387046.53125, 402697.9375, 418349.3125, 434000.71875, 449652.09375, 465303.5, 480954.875, 496606.28125, 512257.6875, 527909.0625, 543560.4375, 559211.875, 574863.25, 590514.625, 606166.0, 621817.4375, 637468.8125, 653120.1875, 668771.625, 684423.0, 700074.375, 715725.75, 731377.1875, 747028.5625, 762679.9375, 778331.375, 793982.75, 809634.125, 825285.5, 840936.9375, 856588.3125]}, "gradients/graph_83.weight": {"_type": "histogram", "values": [1.0, 1.0, 5.0, 1.0, 5.0, 5.0, 15.0, 24.0, 40.0, 41.0, 66.0, 76.0, 121.0, 156.0, 6105.0, 242.0, 304.0, 328.0, 364.0, 441.0, 491.0, 533.0, 596.0, 583.0, 675.0, 640.0, 637.0, 612.0, 491.0, 429.0, 352.0, 302.0, 278.0, 227.0, 193.0, 185.0, 140.0, 120.0, 115.0, 99.0, 72.0, 56.0, 45.0, 44.0, 30.0, 22.0, 23.0, 15.0, 8.0, 5.0, 5.0, 4.0, 5.0, 5.0, 1.0, 0.0, 3.0, 1.0, 0.0, 0.0, 0.0, 0.0, 0.0, 1.0], "bins": [-8877268.0, -8279161.0, -7681054.0, -7082946.5, -6484839.5, -5886732.5, -5288625.0, -4690518.0, -4092411.0, -3494304.0, -2896196.75, -2298089.5, -1699982.5, -1101875.375, -503768.25, 94338.875, 692446.0, 1290553.125, 1888660.25, 2486767.5, 3084874.5, 3682981.5, 4281089.0, 4879196.0, 5477303.0, 6075410.0, 6673517.0, 7271624.5, 7869731.5, 8467839.0, 9065946.0, 9664053.0, 10262158.0, 10860265.0, 11458372.0, 12056479.0, 12654586.0, 13252694.0, 13850801.0, 14448908.0, 15047015.0, 15645122.0, 16243229.0, 16841336.0, 17439444.0, 18037550.0, 18635658.0, 19233764.0, 19831872.0, 20429980.0, 21028086.0, 21626194.0, 22224300.0, 22822408.0, 23420514.0, 24018622.0, 24616728.0, 25214836.0, 25812944.0, 26411050.0, 27009158.0, 27607264.0, 28205372.0, 28803478.0, 29401586.0]}, "gradients/graph_80.bias": {"_type": "histogram", "values": [1.0, 0.0, 1.0, 1.0, 0.0, 1.0, 1.0, 0.0, 1.0, 4.0, 1.0, 0.0, 3.0, 3.0, 3.0, 6.0, 7.0, 7.0, 7.0, 6.0, 7.0, 8.0, 6.0, 9.0, 7.0, 6.0, 8.0, 4.0, 12.0, 14.0, 10.0, 8.0, 11.0, 12.0, 9.0, 7.0, 6.0, 4.0, 9.0, 8.0, 5.0, 4.0, 2.0, 5.0, 5.0, 4.0, 5.0, 2.0, 0.0, 2.0, 0.0, 0.0, 0.0, 0.0, 2.0, 1.0, 0.0, 0.0, 0.0, 0.0, 0.0, 0.0, 0.0, 1.0], "bins": [904616.75, 2154864.0, 3405111.5, 4655359.0, 5905606.0, 7155853.5, 8406101.0, 9656348.0, 10906596.0, 12156843.0, 13407090.0, 14657338.0, 15907585.0, 17157832.0, 18408080.0, 19658328.0, 20908574.0, 22158822.0, 23409070.0, 24659316.0, 25909564.0, 27159812.0, 28410060.0, 29660306.0, 30910554.0, 32160802.0, 33411048.0, 34661296.0, 35911544.0, 37161792.0, 38412040.0, 39662284.0, 40912532.0, 42162780.0, 43413028.0, 44663276.0, 45913520.0, 47163768.0, 48414016.0, 49664264.0, 50914512.0, 52164760.0, 53415004.0, 54665252.0, 55915500.0, 57165748.0, 58415996.0, 59666244.0, 60916488.0, 62166736.0, 63416984.0, 64667232.0, 65917480.0, 67167728.0, 68417976.0, 69668224.0, 70918472.0, 72168720.0, 73418960.0, 74669208.0, 75919456.0, 77169704.0, 78419952.0, 79670200.0, 80920448.0]}, "gradients/graph_80.weight": {"_type": "histogram", "values": [1.0, 0.0, 0.0, 0.0, 2.0, 5.0, 5.0, 14.0, 15.0, 32.0, 35.0, 27.0, 24.0, 21.0, 17.0, 12.0, 8.0, 11.0, 14.0, 28.0, 70.0, 97.0, 62.0, 65.0, 110.0, 143.0, 255.0, 854.0, 1021.0, 111515.0, 2696.0, 498.0, 594.0, 349.0, 192.0, 132.0, 129.0, 138.0, 130.0, 157.0, 158.0, 138.0, 100.0, 86.0, 68.0, 37.0, 23.0, 21.0, 29.0, 37.0, 53.0, 69.0, 66.0, 60.0, 41.0, 42.0, 28.0, 11.0, 10.0, 7.0, 2.0, 5.0, 4.0, 3.0], "bins": [-112601632.0, -108793624.0, -104985616.0, -101177608.0, -97369600.0, -93561592.0, -89753584.0, -85945576.0, -82137568.0, -78329560.0, -74521552.0, -70713544.0, -66905536.0, -63097528.0, -59289520.0, -55481512.0, -51673504.0, -47865496.0, -44057488.0, -40249480.0, -36441472.0, -32633464.0, -28825456.0, -25017448.0, -21209440.0, -17401432.0, -13593424.0, -9785416.0, -5977408.0, -2169400.0, 1638608.0, 5446616.0, 9254616.0, 13062624.0, 16870632.0, 20678640.0, 24486648.0, 28294656.0, 32102664.0, 35910672.0, 39718680.0, 43526688.0, 47334696.0, 51142704.0, 54950712.0, 58758720.0, 62566728.0, 66374736.0, 70182744.0, 73990752.0, 77798760.0, 81606768.0, 85414776.0, 89222784.0, 93030792.0, 96838800.0, 100646808.0, 104454816.0, 108262824.0, 112070832.0, 115878840.0, 119686848.0, 123494856.0, 127302864.0, 131110872.0]}, "_wandb": {"runtime": 61}}