{"loss": 0.2760111093521118, "epoch": 199, "_timestamp": 1725106799.3821042, "_runtime": 391.71233916282654, "_step": 199, "gradients/8.weight": {"_type": "histogram", "values": [13.0, 0.0, 0.0, 1.0, 0.0, 0.0, 0.0, 0.0, 0.0, 0.0, 0.0, 0.0, 0.0, 0.0, 0.0, 0.0, 0.0, 0.0, 0.0, 0.0, 0.0, 0.0, 0.0, 0.0, 0.0, 0.0, 1.0, 0.0, 0.0, 0.0, 0.0, 0.0, 0.0, 1.0, 0.0, 0.0, 0.0, 0.0, 0.0, 0.0, 0.0, 0.0, 0.0, 0.0, 0.0, 0.0, 0.0, 0.0, 0.0, 0.0, 0.0, 0.0, 0.0, 0.0, 1.0, 1.0, 2.0, 2.0, 0.0, 2.0, 1.0, 1.0, 2.0, 4.0], "bins": [0.0, 120376480.0, 240752960.0, 361129440.0, 481505920.0, 601882368.0, 722258880.0, 842635392.0, 963011840.0, 1083388288.0, 1203764736.0, 1324141312.0, 1444517760.0, 1564894208.0, 1685270784.0, 1805647232.0, 1926023680.0, 2046400128.0, 2166776576.0, 2287153152.0, 2407529472.0, 2527906048.0, 2648282624.0, 2768658944.0, 2889035520.0, 3009412096.0, 3129788416.0, 3250164992.0, 3370541568.0, 3490917888.0, 3611294464.0, 3731670784.0, 3852047360.0, 3972423936.0, 4092800256.0, 4213176832.0, 4333553152.0, 4453929984.0, 4574306304.0, 4694682624.0, 4815058944.0, 4935435776.0, 5055812096.0, 5176188416.0, 5296565248.0, 5416941568.0, 5537317888.0, 5657694720.0, 5778071040.0, 5898447360.0, 6018824192.0, 6139200512.0, 6259576832.0, 6379953664.0, 6500329984.0, 6620706304.0, 6741083136.0, 6861459456.0, 6981835776.0, 7102212096.0, 7222588928.0, 7342965248.0, 7463341568.0, 7583718400.0, 7704094720.0]}, "gradients/8.bias": {"_type": "histogram", "values": [1.0], "bins": [60407.453125, 60407.453125]}, "gradients/6.weight": {"_type": "histogram", "values": [1403.0, 5.0, 0.0, 0.0, 33.0, 20.0, 24.0, 28.0, 7.0, 0.0, 1.0, 0.0, 0.0, 0.0, 0.0, 0.0, 0.0, 0.0, 0.0, 5.0, 11.0, 13.0, 1.0, 0.0, 0.0, 0.0, 0.0, 8.0, 24.0, 41.0, 74.0, 64.0, 43.0, 80.0, 56.0, 44.0, 37.0, 8.0, 2.0, 0.0, 0.0, 0.0, 0.0, 0.0, 0.0, 0.0, 0.0, 0.0, 0.0, 0.0, 0.0, 0.0, 1.0, 3.0, 1.0, 1.0, 0.0, 0.0, 4.0, 0.0, 1.0, 1.0, 1.0, 3.0], "bins": [0.0, 18138586.0, 36277172.0, 54415760.0, 72554344.0, 90692928.0, 108831520.0, 126970104.0, 145108688.0, 163247280.0, 181385856.0, 199524448.0, 217663040.0, 235801616.0, 253940208.0, 272078784.0, 290217376.0, 308355968.0, 326494560.0, 344633120.0, 362771712.0, 380910304.0, 399048896.0, 417187488.0, 435326080.0, 453464640.0, 471603232.0, 489741824.0, 507880416.0, 526019008.0, 544157568.0, 562296192.0, 580434752.0, 598573312.0, 616711936.0, 634850496.0, 652989120.0, 671127680.0, 689266240.0, 707404864.0, 725543424.0, 743682048.0, 761820608.0, 779959168.0, 798097792.0, 816236352.0, 834374976.0, 852513536.0, 870652160.0, 888790720.0, 906929280.0, 925067904.0, 943206464.0, 961345088.0, 979483648.0, 997622208.0, 1015760832.0, 1033899392.0, 1052038016.0, 1070176576.0, 1088315136.0, 1106453760.0, 1124592384.0, 1142730880.0, 1160869504.0]}, "gradients/6.bias": {"_type": "histogram", "values": [13.0, 0.0, 0.0, 0.0, 0.0, 0.0, 0.0, 0.0, 1.0, 0.0, 1.0, 0.0, 0.0, 0.0, 0.0, 0.0, 0.0, 0.0, 0.0, 0.0, 0.0, 0.0, 0.0, 0.0, 0.0, 0.0, 0.0, 0.0, 0.0, 0.0, 0.0, 0.0, 0.0, 0.0, 0.0, 0.0, 0.0, 1.0, 0.0, 0.0, 0.0, 0.0, 0.0, 0.0, 0.0, 0.0, 0.0, 0.0, 0.0, 0.0, 0.0, 0.0, 1.0, 3.0, 1.0, 1.0, 0.0, 0.0, 4.0, 0.0, 1.0, 1.0, 1.0, 3.0], "bins": [0.0, 926.5283813476562, 1853.0567626953125, 2779.585205078125, 3706.113525390625, 4632.64208984375, 5559.17041015625, 6485.69873046875, 7412.22705078125, 8338.755859375, 9265.2841796875, 10191.8125, 11118.3408203125, 12044.869140625, 12971.3974609375, 13897.92578125, 14824.4541015625, 15750.982421875, 16677.51171875, 17604.0390625, 18530.568359375, 19457.095703125, 20383.625, 21310.15234375, 22236.681640625, 23163.208984375, 24089.73828125, 25016.265625, 25942.794921875, 26869.322265625, 27795.8515625, 28722.37890625, 29648.908203125, 30575.4375, 31501.96484375, 32428.494140625, 33355.0234375, 34281.55078125, 35208.078125, 36134.60546875, 37061.13671875, 37987.6640625, 38914.19140625, 39840.71875, 40767.25, 41693.77734375, 42620.3046875, 43546.83203125, 44473.36328125, 45399.890625, 46326.41796875, 47252.94921875, 48179.4765625, 49106.00390625, 50032.53125, 50959.0625, 51885.58984375, 52812.1171875, 53738.64453125, 54665.17578125, 55591.703125, 56518.23046875, 57444.7578125, 58371.2890625, 59297.81640625]}, "gradients/4.weight": {"_type": "histogram", "values": [1.0, 1.0, 0.0, 0.0, 1.0, 0.0, 0.0, 0.0, 0.0, 0.0, 0.0, 0.0, 1.0, 0.0, 1.0, 0.0, 0.0, 1.0, 0.0, 0.0, 1.0, 51.0, 34.0, 4.0, 4.0, 4.0, 1.0, 3.0, 7.0, 4.0, 1.0, 0.0, 0.0, 0.0, 0.0, 0.0, 0.0, 0.0, 0.0, 0.0, 0.0, 0.0, 0.0, 0.0, 0.0, 1.0, 0.0, 0.0, 0.0, 0.0, 0.0, 0.0, 1.0, 0.0, 0.0, 3977.0, 126.0, 7.0, 205.0, 1569.0, 1989.0, 165.0, 29.0, 3.0], "bins": [-4110472960.0, -4036264960.0, -3962056960.0, -3887848960.0, -3813640960.0, -3739432960.0, -3665224704.0, -3591016704.0, -3516808704.0, -3442600704.0, -3368392704.0, -3294184704.0, -3219976704.0, -3145768704.0, -3071560704.0, -2997352704.0, -2923144704.0, -2848936448.0, -2774728448.0, -2700520448.0, -2626312448.0, -2552104448.0, -2477896448.0, -2403688448.0, -2329480448.0, -2255272448.0, -2181064448.0, -2106856320.0, -2032648320.0, -1958440320.0, -1884232192.0, -1810024192.0, -1735815936.0, -1661607936.0, -1587399936.0, -1513191936.0, -1438983936.0, -1364775936.0, -1290567808.0, -1216359808.0, -1142151808.0, -1067943808.0, -993735744.0, -919527744.0, -845319680.0, -771111680.0, -696903680.0, -622695616.0, -548487616.0, -474279584.0, -400071552.0, -325863552.0, -251655520.0, -177447488.0, -103239472.0, -29031448.0, 45176576.0, 119384600.0, 193592624.0, 267800640.0, 342008672.0, 416216704.0, 490424704.0, 564632768.0, 638840768.0]}, "gradients/4.bias": {"_type": "histogram", "values": [1.0, 0.0, 0.0, 0.0, 0.0, 0.0, 0.0, 0.0, 0.0, 0.0, 0.0, 0.0, 0.0, 0.0, 0.0, 0.0, 0.0, 0.0, 0.0, 0.0, 0.0, 0.0, 0.0, 0.0, 0.0, 0.0, 0.0, 0.0, 0.0, 0.0, 0.0, 0.0, 0.0, 0.0, 0.0, 0.0, 0.0, 0.0, 0.0, 0.0, 0.0, 0.0, 0.0, 0.0, 0.0, 0.0, 0.0, 0.0, 0.0, 0.0, 30.0, 0.0, 0.0, 0.0, 0.0, 0.0, 0.0, 0.0, 0.0, 0.0, 10.0, 22.0, 0.0, 1.0], "bins": [-3073437.5, -3012675.0, -2951912.75, -2891150.25, -2830387.75, -2769625.25, -2708863.0, -2648100.5, -2587338.0, -2526575.75, -2465813.25, -2405050.75, -2344288.5, -2283526.0, -2222763.5, -2162001.0, -2101238.75, -2040476.25, -1979713.875, -1918951.375, -1858189.0, -1797426.5, -1736664.125, -1675901.75, -1615139.25, -1554376.875, -1493614.375, -1432852.0, -1372089.625, -1311327.125, -1250564.75, -1189802.25, -1129040.0, -1068277.5, -1007515.0625, -946752.6875, -885990.25, -825227.8125, -764465.375, -703702.9375, -642940.5, -582178.125, -521415.6875, -460653.25, -399890.8125, -339128.40625, -278365.96875, -217603.546875, -156841.125, -96078.703125, -35316.2734375, 25446.15234375, 86208.578125, 146971.0, 207733.4375, 268495.84375, 329258.28125, 390020.71875, 450783.125, 511545.5625, 572308.0, 633070.4375, 693832.8125, 754595.25, 815357.6875]}, "gradients/2.weight": {"_type": "histogram", "values": [1.0, 0.0, 0.0, 0.0, 1.0, 1.0, 0.0, 0.0, 1.0, 3.0, 1.0, 1.0, 1.0, 5.0, 1.0, 4.0, 3.0, 4.0, 1.0, 5.0, 4.0, 6.0, 0.0, 6.0, 8.0, 3.0, 5.0, 8.0, 4.0, 6.0, 4.0, 6.0, 7.0, 5.0, 9.0, 4.0, 6.0, 1.0, 6.0, 2.0, 7.0, 6.0, 3.0, 5.0, 15.0, 17.0, 10.0, 8.0, 13.0, 25.0, 20.0, 17.0, 19.0, 16.0, 26.0, 25.0, 42.0, 82.0, 494.0, 23672.0, 7485.0, 585.0, 28.0, 15.0],