{"loss": 0.25693008303642273, "epoch": 199, "_timestamp": 1708160970.405826, "_runtime": 130.32971811294556, "_step": 199, "gradients/graph_148.bias": {"_type": "histogram", "values": [1.0], "bins": [-60479.625, -60479.625]}, "gradients/graph_148.weight": {"_type": "histogram", "values": [2.0, 0.0, 2.0, 2.0, 1.0, 0.0, 0.0, 1.0, 1.0, 1.0, 1.0, 1.0, 1.0, 0.0, 0.0, 0.0, 0.0, 1.0, 0.0, 0.0, 0.0, 0.0, 0.0, 0.0, 0.0, 0.0, 0.0, 0.0, 0.0, 1.0, 0.0, 0.0, 1.0, 0.0, 0.0, 0.0, 0.0, 0.0, 0.0, 0.0, 0.0, 0.0, 0.0, 0.0, 0.0, 0.0, 0.0, 0.0, 0.0, 0.0, 0.0, 0.0, 0.0, 0.0, 1.0, 0.0, 0.0, 0.0, 0.0, 1.0, 0.0, 0.0, 13.0, 1.0], "bins": [-1483361280.0, -1459759872.0, -1436158464.0, -1412557056.0, -1388955648.0, -1365354240.0, -1341752832.0, -1318151424.0, -1294550016.0, -1270948608.0, -1247347200.0, -1223745792.0, -1200144384.0, -1176542976.0, -1152941568.0, -1129340160.0, -1105738752.0, -1082137344.0, -1058535872.0, -1034934464.0, -1011333056.0, -987731648.0, -964130240.0, -940528832.0, -916927424.0, -893326016.0, -869724608.0, -846123200.0, -822521792.0, -798920384.0, -775318976.0, -751717568.0, -728116224.0, -704514816.0, -680913408.0, -657312000.0, -633710592.0, -610109184.0, -586507776.0, -562906368.0, -539304960.0, -515703520.0, -492102112.0, -468500704.0, -444899296.0, -421297888.0, -397696480.0, -374095072.0, -350493664.0, -326892256.0, -303290848.0, -279689440.0, -256088016.0, -232486608.0, -208885200.0, -185283792.0, -161682384.0, -138080960.0, -114479560.0, -90878144.0, -67276736.0, -43675328.0, -20073918.0, 3527492.0, 27128902.0]}, "gradients/graph_146.bias": {"_type": "histogram", "values": [1.0, 3.0, 0.0, 1.0, 2.0, 3.0, 2.0, 1.0, 1.0, 1.0, 0.0, 0.0, 0.0, 0.0, 0.0, 0.0, 0.0, 0.0, 0.0, 0.0, 0.0, 0.0, 0.0, 1.0, 0.0, 0.0, 0.0, 0.0, 0.0, 0.0, 0.0, 0.0, 0.0, 0.0, 0.0, 0.0, 0.0, 0.0, 0.0, 0.0, 0.0, 1.0, 0.0, 0.0, 0.0, 0.0, 0.0, 0.0, 0.0, 0.0, 0.0, 0.0, 0.0, 1.0, 0.0, 0.0, 0.0, 0.0, 0.0, 0.0, 0.0, 0.0, 0.0, 14.0], "bins": [-114903.1171875, -113107.7578125, -111312.3984375, -109517.03125, -107721.671875, -105926.3125, -104130.953125, -102335.5859375, -100540.2265625, -98744.8671875, -96949.5078125, -95154.140625, -93358.78125, -91563.421875, -89768.0625, -87972.6953125, -86177.3359375, -84381.9765625, -82586.6171875, -80791.2578125, -78995.890625, -77200.53125, -75405.171875, -73609.8125, -71814.4453125, -70019.0859375, -68223.7265625, -66428.3671875, -64633.00390625, -62837.640625, -61042.28125, -59246.91796875, -57451.55859375, -55656.19921875, -53860.8359375, -52065.4765625, -50270.11328125, -48474.75390625, -46679.390625, -44884.03125, -43088.66796875, -41293.30859375, -39497.9453125, -37702.5859375, -35907.22265625, -34111.86328125, -32316.501953125, -30521.140625, -28725.779296875, -26930.41796875, -25135.056640625, -23339.6953125, -21544.333984375, -19748.97265625, -17953.611328125, -16158.2509765625, -14362.8896484375, -12567.5283203125, -10772.1669921875, -8976.8056640625, -7181.44482421875, -5386.08349609375, -3590.722412109375, -1795.3612060546875, 0.0]}, "gradients/graph_146.weight": {"_type": "histogram", "values": [1.0, 3.0, 0.0, 2.0, 2.0, 2.0, 2.0, 1.0, 1.0, 1.0, 0.0, 0.0, 0.0, 0.0, 0.0, 0.0, 0.0, 0.0, 0.0, 0.0, 0.0, 0.0, 1.0, 4.0, 2.0, 4.0, 3.0, 1.0, 1.0, 0.0, 0.0, 0.0, 0.0, 0.0, 0.0, 0.0, 0.0, 1.0, 0.0, 0.0, 1.0, 0.0, 0.0, 0.0, 0.0, 2.0, 6.0, 6.0, 3.0, 0.0, 0.0, 1.0, 0.0, 0.0, 0.0, 1.0, 1.0, 0.0, 0.0, 16.0, 19.0, 59.0, 1868.0, 33.0], "bins": [-1262848384.0, -1242649984.0, -1222451584.0, -1202253184.0, -1182054656.0, -1161856256.0, -1141657856.0, -1121459456.0, -1101261056.0, -1081062656.0, -1060864192.0, -1040665792.0, -1020467392.0, -1000268928.0, -980070528.0, -959872128.0, -939673728.0, -919475264.0, -899276864.0, -879078464.0, -858880000.0, -838681600.0, -818483200.0, -798284800.0, -778086336.0, -757887936.0, -737689536.0, -717491072.0, -697292672.0, -677094272.0, -656895872.0, -636697408.0, -616499008.0, -596300608.0, -576102208.0, -555903744.0, -535705344.0, -515506944.0, -495308512.0, -475110112.0, -454911680.0, -434713248.0, -414514848.0, -394316416.0, -374118016.0, -353919584.0, -333721184.0, -313522752.0, -293324352.0, -273125920.0, -252927504.0, -232729088.0, -212530656.0, -192332240.0, -172133824.0, -151935408.0, -131736992.0, -111538576.0, -91340160.0, -71141736.0, -50943320.0, -30744902.0, -10546484.0, 9651934.0, 29850352.0]}, "gradients/graph_144.bias": {"_type": "histogram", "values": [1.0, 0.0, 0.0, 0.0, 0.0, 0.0, 0.0, 0.0, 0.0, 0.0, 0.0, 0.0, 1.0, 1.0, 0.0, 0.0, 0.0, 0.0, 0.0, 0.0, 0.0, 0.0, 0.0, 0.0, 0.0, 0.0, 0.0, 0.0, 0.0, 0.0, 0.0, 0.0, 0.0, 0.0, 0.0, 0.0, 1.0, 0.0, 0.0, 0.0, 0.0, 0.0, 0.0, 0.0, 0.0, 0.0, 0.0, 0.0, 0.0, 0.0, 0.0, 1.0, 0.0, 0.0, 1.0, 0.0, 4.0, 3.0, 0.0, 50.0, 0.0, 0.0, 0.0, 1.0], "bins": [-1716650.0, -1687691.875, -1658733.875, -1629775.75, -1600817.75, -1571859.625, -1542901.625, -1513943.5, -1484985.5, -1456027.375, -1427069.25, -1398111.25, -1369153.125, -1340195.125, -1311237.0, -1282279.0, -1253320.875, -1224362.75, -1195404.75, -1166446.625, -1137488.625, -1108530.5, -1079572.5, -1050614.375, -1021656.3125, -992698.25, -963740.1875, -934782.125, -905824.0, -876865.9375, -847907.875, -818949.8125, -789991.75, -761033.6875, -732075.625, -703117.5, -674159.4375, -645201.375, -616243.3125, -587285.25, -558327.1875, -529369.125, -500411.03125, -471452.96875, -442494.875, -413536.8125, -384578.75, -355620.6875, -326662.625, -297704.53125, -268746.46875, -239788.40625, -210830.328125, -181872.25, -152914.1875, -123956.1171875, -94998.046875, -66039.9765625, -37081.90625, -8123.8359375, 20834.234375, 49792.3046875, 78750.375, 107708.4453125, 136666.515625]}, "gradients/graph_144.weight": {"_type": "histogram", "values": [1.0, 1.0, 0.0, 1.0, 0.0, 1.0, 0.0, 1.0, 0.0, 0.0, 0.0, 0.0, 0.0, 0.0, 2.0, 1.0, 0.0, 0.0, 1.0, 1.0, 4.0, 0.0, 1.0, 2.0, 3.0, 0.0, 1.0, 2.0, 4.0, 3.0, 3.0, 13.0, 8.0, 14.0, 18.0, 6.0, 17.0, 20.0, 26.0, 20.0, 26.0, 13.0, 14.0, 27.0, 10.0, 30.0, 14.0, 16.0, 21.0, 65.0, 114.0, 644.0, 6907.0, 10.0, 50.0, 41.0, 7.0, 2.0, 3.0, 1.0, 0.0, 0.0, 1.0, 1.0], "bins": [-1278893184.0, -1254326656.0, -1229760128.0, -1205193600.0, -1180627072.0, -1156060672.0, -1131494144.0, -1106927616.0, -1082361088.0, -1057794560.0, -1033228032.0, -1008661504.0, -984095040.0, -959528512.0, -934961984.0, -910395456.0, -885828992.0, -861262464.0, -836695936.0, -812129408.0, -787562880.0, -762996416.0, -738429888.0, -713863360.0, -689296832.0, -664730304.0, -640163840.0, -615597312.0, -591030784.0, -566464256.0, -541897792.0, -517331264.0, -492764768.0, -468198240.0, -443631744.0, -419065216.0, -394498720.0, -369932192.0, -345365696.0, -320799168.0, -296232640.0, -271666144.0, -247099632.0, -222533120.0, -197966592.0, -173400080.0, -148833568.0, -124267056.0, -99700544.0, -75134032.0, -50567516.0, -26001002.0, -1434488.0, 23132026.0, 47698540.0, 72265056.0, 96831568.0, 121398080.0, 145964592.0, 170531104.0, 195097632.0, 219664144.0, 244230656.0, 268797152.0, 293363680.0]}, "gradients/graph_142.bias": {"_type": "histogram", "values": [1.0, 0.0, 0.0, 0.0, 2.0, 12.0, 52.0, 6.0, 3.0, 4.0, 0.0, 0.0, 1.0, 23.0, 1.0, 2.0, 2.0, 1.0, 1.0, 1.0, 2.0, 0.0, 0.0, 0.0, 0.0, 1.0, 1.0, 1.0, 0.0, 0.0, 0.0, 0.0, 0.0, 0.0, 1.0, 1.0, 0.0, 2.0, 0.0, 0.0, 0.0, 0.0, 1.0, 0.0, 0.0, 1.0, 1.0, 0.0, 0.0, 1.0, 0.0, 0.0, 0.0, 0.0, 0.0, 0.0, 1.0, 0.0, 1.0, 0.0, 0.0, 0.0, 0.0, 1.0],