{"loss": 0.255430668592453, "epoch": 199, "_timestamp": 1708161179.662611, "_runtime": 147.771723985672, "_step": 199, "gradients/graph_158.bias": {"_type": "histogram", "values": [1.0], "bins": [-140457.90625, -140457.90625]}, "gradients/graph_158.weight": {"_type": "histogram", "values": [1.0, 0.0, 0.0, 0.0, 0.0, 0.0, 1.0, 0.0, 0.0, 0.0, 1.0, 2.0, 0.0, 0.0, 0.0, 0.0, 0.0, 0.0, 0.0, 2.0, 2.0, 0.0, 0.0, 1.0, 1.0, 1.0, 1.0, 0.0, 1.0, 0.0, 0.0, 0.0, 0.0, 0.0, 0.0, 0.0, 0.0, 0.0, 0.0, 0.0, 0.0, 0.0, 0.0, 2.0, 1.0, 0.0, 0.0, 0.0, 2.0, 1.0, 0.0, 0.0, 2.0, 1.0, 0.0, 0.0, 0.0, 0.0, 0.0, 0.0, 0.0, 0.0, 0.0, 9.0], "bins": [-29680494592.0, -29216737280.0, -28752979968.0, -28289220608.0, -27825463296.0, -27361705984.0, -26897948672.0, -26434191360.0, -25970432000.0, -25506674688.0, -25042917376.0, -24579160064.0, -24115402752.0, -23651643392.0, -23187886080.0, -22724128768.0, -22260371456.0, -21796614144.0, -21332854784.0, -20869097472.0, -20405340160.0, -19941582848.0, -19477825536.0, -19014066176.0, -18550308864.0, -18086551552.0, -17622794240.0, -17159035904.0, -16695278592.0, -16231520256.0, -15767762944.0, -15304004608.0, -14840247296.0, -14376489984.0, -13912731648.0, -13448974336.0, -12985216000.0, -12521458688.0, -12057701376.0, -11593943040.0, -11130185728.0, -10666427392.0, -10202670080.0, -9738912768.0, -9275154432.0, -8811397120.0, -8347639296.0, -7883881472.0, -7420123648.0, -6956365824.0, -6492608000.0, -6028850688.0, -5565092864.0, -5101335040.0, -4637577216.0, -4173819648.0, -3710061824.0, -3246304000.0, -2782546432.0, -2318788608.0, -1855030912.0, -1391273216.0, -927515456.0, -463757728.0, 0.0]}, "gradients/graph_156.bias": {"_type": "histogram", "values": [3.0, 1.0, 0.0, 1.0, 3.0, 1.0, 0.0, 2.0, 1.0, 2.0, 0.0, 0.0, 0.0, 0.0, 0.0, 0.0, 0.0, 0.0, 0.0, 0.0, 0.0, 0.0, 0.0, 0.0, 0.0, 0.0, 0.0, 1.0, 1.0, 0.0, 0.0, 0.0, 1.0, 0.0, 0.0, 0.0, 1.0, 1.0, 1.0, 0.0, 0.0, 2.0, 0.0, 0.0, 0.0, 0.0, 0.0, 0.0, 0.0, 0.0, 0.0, 0.0, 0.0, 0.0, 0.0, 0.0, 0.0, 0.0, 0.0, 9.0, 0.0, 0.0, 0.0, 1.0], "bins": [-130964.40625, -128781.1484375, -126597.890625, -124414.6328125, -122231.375, -120048.1171875, -117864.859375, -115681.6015625, -113498.34375, -111315.0859375, -109131.828125, -106948.5703125, -104765.3125, -102582.0546875, -100398.796875, -98215.5390625, -96032.28125, -93849.015625, -91665.7578125, -89482.5, -87299.2421875, -85115.984375, -82932.7265625, -80749.46875, -78566.2109375, -76382.953125, -74199.6953125, -72016.4375, -69833.1796875, -67649.921875, -65466.6640625, -63283.40625, -61100.14453125, -58916.88671875, -56733.62890625, -54550.37109375, -52367.109375, -50183.8515625, -48000.59375, -45817.3359375, -43634.078125, -41450.8203125, -39267.5625, -37084.3046875, -34901.046875, -32717.7890625, -30534.53125, -28351.2734375, -26168.015625, -23984.755859375, -21801.498046875, -19618.240234375, -17434.982421875, -15251.724609375, -13068.466796875, -10885.2080078125, -8701.9501953125, -6518.6923828125, -4335.43408203125, -2152.176025390625, 31.08203125, 2214.340087890625, 4397.59814453125, 6580.8564453125, 8764.1142578125]}, "gradients/graph_156.weight": {"_type": "histogram", "values": [12.0, 36.0, 42.0, 34.0, 28.0, 45.0, 42.0, 46.0, 34.0, 50.0, 59.0, 30.0, 12.0, 3.0, 2.0, 1.0, 0.0, 0.0, 0.0, 0.0, 0.0, 0.0, 0.0, 0.0, 0.0, 0.0, 0.0, 5.0, 25.0, 27.0, 8.0, 2.0, 4.0, 21.0, 16.0, 4.0, 18.0, 25.0, 47.0, 20.0, 7.0, 10.0, 56.0, 4.0, 6.0, 4.0, 11.0, 7.0, 6.0, 3.0, 10.0, 10.0, 17.0, 33.0, 20.0, 16.0, 14.0, 14.0, 0.0, 1059.0, 6.0, 3.0, 0.0, 34.0], "bins": [-3052492544.0, -3001605632.0, -2950718720.0, -2899831808.0, -2848944640.0, -2798057728.0, -2747170816.0, -2696283904.0, -2645396992.0, -2594510080.0, -2543622912.0, -2492736000.0, -2441849088.0, -2390962176.0, -2340075264.0, -2289188352.0, -2238301184.0, -2187414272.0, -2136527360.0, -2085640448.0, -2034753536.0, -1983866496.0, -1932979584.0, -1882092672.0, -1831205632.0, -1780318720.0, -1729431808.0, -1678544896.0, -1627657856.0, -1576770944.0, -1525884032.0, -1474996992.0, -1424110208.0, -1373223296.0, -1322336256.0, -1271449344.0, -1220562432.0, -1169675392.0, -1118788480.0, -1067901504.0, -1017014592.0, -966127616.0, -915240704.0, -864353728.0, -813466752.0, -762579840.0, -711692864.0, -660805888.0, -609918976.0, -559032000.0, -508145056.0, -457258112.0, -406371136.0, -355484192.0, -304597248.0, -253710304.0, -202823344.0, -151936384.0, -101049440.0, -50162488.0, 724464.0, 51611416.0, 102498368.0, 153385312.0, 204272272.0]}, "gradients/graph_154.bias": {"_type": "histogram", "values": [5.0, 34.0, 0.0, 2.0, 21.0, 0.0, 0.0, 0.0, 0.0, 0.0, 0.0, 0.0, 0.0, 0.0, 0.0, 0.0, 0.0, 0.0, 0.0, 0.0, 0.0, 0.0, 1.0, 0.0, 0.0, 0.0, 0.0, 0.0, 0.0, 0.0, 0.0, 0.0, 0.0, 0.0, 0.0, 0.0, 0.0, 0.0, 0.0, 0.0, 0.0, 0.0, 0.0, 0.0, 0.0, 0.0, 0.0, 0.0, 0.0, 0.0, 0.0, 0.0, 0.0, 0.0, 0.0, 0.0, 0.0, 0.0, 0.0, 0.0, 0.0, 0.0, 0.0, 1.0], "bins": [-1501022.75, -1141589.125, -782155.4375, -422721.78125, -63288.125, 296145.53125, 655579.1875, 1015012.875, 1374446.5, 1733880.125, 2093313.75, 2452747.5, 2812181.0, 3171614.75, 3531048.5, 3890482.0, 4249916.0, 4609349.5, 4968783.0, 5328216.5, 5687650.5, 6047084.0, 6406517.5, 6765951.5, 7125385.0, 7484818.5, 7844252.5, 8203686.0, 8563120.0, 8922553.0, 9281987.0, 9641421.0, 10000855.0, 10360289.0, 10719722.0, 11079156.0, 11438590.0, 11798023.0, 12157457.0, 12516891.0, 12876324.0, 13235758.0, 13595192.0, 13954625.0, 14314059.0, 14673493.0, 15032926.0, 15392360.0, 15751794.0, 16111227.0, 16470661.0, 16830094.0, 17189528.0, 17548962.0, 17908396.0, 18267830.0, 18627262.0, 18986696.0, 19346130.0, 19705564.0, 20064998.0, 20424432.0, 20783864.0, 21143298.0, 21502732.0]}, "gradients/graph_154.weight": {"_type": "histogram", "values": [18.0, 846.0, 4011.0, 250.0, 2817.0, 0.0, 0.0, 0.0, 0.0, 0.0, 0.0, 0.0, 1.0, 3.0, 4.0, 99.0, 7.0, 2.0, 3.0, 3.0, 2.0, 0.0, 1.0, 0.0, 0.0, 0.0, 0.0, 0.0, 0.0, 0.0, 0.0, 1.0, 1.0, 0.0, 2.0, 0.0, 0.0, 2.0, 1.0, 6.0, 14.0, 66.0, 14.0, 3.0, 3.0, 1.0, 1.0, 1.0, 0.0, 1.0, 0.0, 2.0, 0.0, 1.0, 0.0, 3.0, 0.0, 1.0, 0.0, 0.0, 0.0, 0.0, 0.0, 1.0], "bins": [-1218639104.0, -926112896.0, -633586624.0, -341060384.0, -48534144.0, 243992096.0, 536518336.0, 829044608.0, 1121570816.0, 1414097024.0, 1706623232.0, 1999149568.0, 2291675648.0, 2584201984.0, 2876728320.0, 3169254400.0, 3461780736.0, 3754307072.0, 4046833152.0, 4339359232.0, 4631885824.0, 4924411904.0, 5216937984.0, 5509464576.0, 5801990656.0, 6094516736.0, 6387043328.0, 6679569408.0, 6972095488.0, 7264622080.0, 7557148160.0, 7849674240.0, 8142199808.0, 8434725888.0, 8727251968.0, 9019778048.0, 9312305152.0, 9604831232.0, 9897357312.0, 10189883392.0, 10482409472.0, 10774935552.0, 11067462656.0, 11359988736.0, 11652514816.0, 11945040896.0, 12237566976.0, 12530093056.0, 12822620160.0, 13115146240.0, 13407672320.0, 13700198400.0, 13992724480.0, 14285250560.0, 14577776640.0, 14870303744.0, 15162829824.0, 15455355904.0, 15747881984.0, 16040408064.0, 16332934144.0, 16625461248.0, 16917987328.0, 17210513408.0, 17503039488.0]}, "gradients/graph_152.bias": {"_type": "histogram", "values": [110.0, 6.0, 1.0, 3.0, 2.0, 0.0, 1.0, 0.0, 0.0, 2.0, 1.0, 0.0, 0.0, 0.0, 0.0, 0.0, 0.0, 0.0, 0.0, 0.0, 0.0, 0.0, 0.0, 0.0, 0.0, 0.0, 0.0, 0.0, 0.0, 0.0, 0.0, 0.0, 0.0, 0.0, 0.0, 0.0, 0.0, 0.0, 0.0, 0.0, 0.0, 0.0, 1.0, 0.0, 0.0, 0.0, 0.0, 0.0, 0.0, 0.0, 0.0, 0.0, 0.0, 0.0, 0.0, 0.0, 0.0, 0.0, 0.0, 0.0, 0.0, 0.0, 0.0, 1.0],