{"loss": 0.3713805377483368, "epoch": 199, "_timestamp": 1708159910.114256, "_runtime": 189.8401758670807, "_step": 199, "gradients/graph_117.bias": {"_type": "histogram", "values": [1.0], "bins": [-85277.375, -85277.375]}, "gradients/graph_117.weight": {"_type": "histogram", "values": [1.0, 0.0, 0.0, 0.0, 0.0, 0.0, 0.0, 0.0, 0.0, 0.0, 0.0, 0.0, 0.0, 0.0, 0.0, 1.0, 0.0, 0.0, 2.0, 0.0, 0.0, 0.0, 0.0, 0.0, 0.0, 0.0, 1.0, 1.0, 6.0, 5.0, 6.0, 6.0, 1.0, 2.0, 0.0, 1.0, 0.0, 1.0, 0.0, 0.0, 0.0, 0.0, 0.0, 0.0, 0.0, 0.0, 0.0, 0.0, 1.0, 0.0, 1.0, 0.0, 0.0, 1.0, 0.0, 0.0, 0.0, 0.0, 1.0, 0.0, 0.0, 0.0, 0.0, 26.0], "bins": [-18171678720.0, -17885908992.0, -17600139264.0, -17314371584.0, -17028601856.0, -16742832128.0, -16457063424.0, -16171294720.0, -15885524992.0, -15599755264.0, -15313986560.0, -15028217856.0, -14742448128.0, -14456678400.0, -14170909696.0, -13885140992.0, -13599371264.0, -13313601536.0, -13027832832.0, -12742064128.0, -12456294400.0, -12170524672.0, -11884755968.0, -11598987264.0, -11313217536.0, -11027447808.0, -10741679104.0, -10455910400.0, -10170140672.0, -9884370944.0, -9598602240.0, -9312833536.0, -9027063808.0, -8741294080.0, -8455525376.0, -8169756160.0, -7883986944.0, -7598217728.0, -7312448512.0, -7026679296.0, -6740910080.0, -6455140864.0, -6169371648.0, -5883602432.0, -5597833216.0, -5312064000.0, -5026294784.0, -4740525568.0, -4454756352.0, -4168986880.0, -3883217664.0, -3597448448.0, -3311679232.0, -3025910016.0, -2740140800.0, -2454371584.0, -2168602368.0, -1882833280.0, -1597064064.0, -1311294848.0, -1025525568.0, -739756352.0, -453987136.0, -168217936.0, 117551280.0]}, "gradients/graph_115.bias": {"_type": "histogram", "values": [25.0, 5.0, 0.0, 0.0, 0.0, 1.0, 0.0, 0.0, 0.0, 1.0, 1.0, 0.0, 0.0, 0.0, 0.0, 1.0, 0.0, 1.0, 3.0, 1.0, 18.0, 2.0, 0.0, 0.0, 0.0, 0.0, 1.0, 1.0, 0.0, 0.0, 0.0, 0.0, 0.0, 0.0, 1.0, 0.0, 0.0, 0.0, 0.0, 0.0, 0.0, 0.0, 0.0, 0.0, 0.0, 0.0, 0.0, 0.0, 0.0, 0.0, 0.0, 0.0, 0.0, 0.0, 0.0, 0.0, 0.0, 0.0, 0.0, 1.0, 0.0, 0.0, 0.0, 1.0], "bins": [-145728.6875, -138565.78125, -131402.859375, -124239.9453125, -117077.03125, -109914.125, -102751.2109375, -95588.296875, -88425.3828125, -81262.46875, -74099.5546875, -66936.640625, -59773.73046875, -52610.81640625, -45447.90625, -38284.9921875, -31122.078125, -23959.1640625, -16796.251953125, -9633.3388671875, -2470.42578125, 4692.4873046875, 11855.400390625, 19018.3125, 26181.2265625, 33344.140625, 40507.0546875, 47669.96484375, 54832.87890625, 61995.79296875, 69158.703125, 76321.6171875, 83484.53125, 90647.4453125, 97810.359375, 104973.2734375, 112136.1875, 119299.09375, 126462.0078125, 133624.921875, 140787.84375, 147950.75, 155113.65625, 162276.578125, 169439.484375, 176602.40625, 183765.3125, 190928.234375, 198091.140625, 205254.046875, 212416.96875, 219579.875, 226742.796875, 233905.703125, 241068.625, 248231.53125, 255394.4375, 262557.34375, 269720.28125, 276883.1875, 284046.09375, 291209.0, 298371.9375, 305534.84375, 312697.75]}, "gradients/graph_115.weight": {"_type": "histogram", "values": [571.0, 1647.0, 318.0, 42.0, 2.0, 127.0, 66.0, 154.0, 257.0, 125.0, 134.0, 170.0, 90.0, 21.0, 51.0, 113.0, 86.0, 26.0, 124.0, 379.0, 3071.0, 92.0, 172.0, 3.0, 1.0, 2.0, 5.0, 4.0, 13.0, 6.0, 4.0, 1.0, 8.0, 78.0, 1.0, 2.0, 1.0, 3.0, 2.0, 5.0, 1.0, 4.0, 1.0, 6.0, 6.0, 4.0, 7.0, 4.0, 3.0, 4.0, 0.0, 0.0, 2.0, 2.0, 1.0, 1.0, 9.0, 26.0, 46.0, 5.0, 9.0, 18.0, 48.0, 8.0], "bins": [-400269664.0, -380595456.0, -360921248.0, -341247040.0, -321572832.0, -301898624.0, -282224416.0, -262550224.0, -242876016.0, -223201808.0, -203527600.0, -183853392.0, -164179200.0, -144504992.0, -124830784.0, -105156576.0, -85482368.0, -65808160.0, -46133956.0, -26459750.0, -6785544.0, 12888662.0, 32562868.0, 52237072.0, 71911280.0, 91585488.0, 111259696.0, 130933896.0, 150608096.0, 170282304.0, 189956512.0, 209630720.0, 229304960.0, 248979168.0, 268653376.0, 288327584.0, 308001792.0, 327676000.0, 347350208.0, 367024416.0, 386698624.0, 406372800.0, 426047008.0, 445721216.0, 465395424.0, 485069632.0, 504743840.0, 524418048.0, 544092288.0, 563766464.0, 583440640.0, 603114880.0, 622789056.0, 642463296.0, 662137472.0, 681811712.0, 701485888.0, 721160128.0, 740834304.0, 760508544.0, 780182720.0, 799856960.0, 819531136.0, 839205376.0, 858879552.0]}, "gradients/graph_113.bias": {"_type": "histogram", "values": [1.0, 0.0, 0.0, 101.0, 12.0, 2.0, 6.0, 0.0, 0.0, 0.0, 0.0, 0.0, 0.0, 0.0, 0.0, 0.0, 0.0, 0.0, 0.0, 0.0, 0.0, 0.0, 0.0, 0.0, 0.0, 0.0, 0.0, 0.0, 0.0, 0.0, 1.0, 0.0, 0.0, 0.0, 0.0, 0.0, 1.0, 0.0, 1.0, 0.0, 0.0, 0.0, 0.0, 0.0, 0.0, 0.0, 0.0, 0.0, 0.0, 0.0, 0.0, 1.0, 0.0, 0.0, 1.0, 0.0, 0.0, 0.0, 0.0, 0.0, 0.0, 0.0, 0.0, 1.0], "bins": [-8099653.0, -6870451.0, -5641249.0, -4412046.5, -3182844.5, -1953642.375, -724440.25, 504761.875, 1733964.0, 2963166.0, 4192368.25, 5421570.5, 6650772.5, 7879974.5, 9109177.0, 10338379.0, 11567581.0, 12796783.0, 14025985.0, 15255187.0, 16484390.0, 17713592.0, 18942794.0, 20171996.0, 21401198.0, 22630400.0, 23859602.0, 25088804.0, 26318006.0, 27547208.0, 28776410.0, 30005612.0, 31234812.0, 32464014.0, 33693216.0, 34922420.0, 36151620.0, 37380824.0, 38610024.0, 39839228.0, 41068428.0, 42297632.0, 43526832.0, 44756036.0, 45985236.0, 47214440.0, 48443640.0, 49672844.0, 50902048.0, 52131248.0, 53360452.0, 54589652.0, 55818856.0, 57048056.0, 58277260.0, 59506460.0, 60735664.0, 61964864.0, 63194068.0, 64423268.0, 65652472.0, 66881672.0, 68110872.0, 69340080.0, 70569280.0]}, "gradients/graph_113.weight": {"_type": "histogram", "values": [1.0, 0.0, 1.0, 1.0, 0.0, 0.0, 1.0, 3.0, 9.0, 30.0, 193.0, 3938.0, 13038.0, 14112.0, 179.0, 59.0, 71.0, 68.0, 78.0, 94.0, 103.0, 76.0, 62.0, 65.0, 57.0, 62.0, 51.0, 54.0, 54.0, 33.0, 43.0, 28.0, 24.0, 11.0, 14.0, 14.0, 13.0, 14.0, 10.0, 11.0, 7.0, 13.0, 11.0, 11.0, 8.0, 6.0, 6.0, 6.0, 4.0, 3.0, 5.0, 0.0, 5.0, 2.0, 1.0, 2.0, 0.0, 1.0, 0.0, 0.0, 1.0, 0.0, 0.0, 1.0], "bins": [-801829056.0, -742770048.0, -683710976.0, -624651968.0, -565592960.0, -506533888.0, -447474880.0, -388415840.0, -329356800.0, -270297760.0, -211238736.0, -152179712.0, -93120672.0, -34061640.0, 24997392.0, 84056424.0, 143115456.0, 202174496.0, 261233520.0, 320292544.0, 379351584.0, 438410624.0, 497469632.0, 556528704.0, 615587712.0, 674646720.0, 733705792.0, 792764800.0, 851823872.0, 910882880.0, 969941888.0, 1029000960.0, 1088059904.0, 1147118976.0, 1206177920.0, 1265236992.0, 1324296064.0, 1383355008.0, 1442414080.0, 1501473152.0, 1560532224.0, 1619591168.0, 1678650240.0, 1737709312.0, 1796768256.0, 1855827328.0, 1914886400.0, 1973945344.0, 2033004416.0, 2092063488.0, 2151122432.0, 2210181632.0, 2269240576.0, 2328299520.0, 2387358720.0, 2446417664.0, 2505476608.0, 2564535808.0, 2623594752.0, 2682653696.0, 2741712896.0, 2800771840.0, 2859830784.0, 2918889984.0, 2977948928.0]}, "gradients/graph_110.bias": {"_type": "histogram", "values": [1.0, 1.0, 3.0, 3.0, 2.0, 8.0, 3.0, 10.0, 17.0, 28.0, 23.0, 30.0, 80.0, 21.0, 9.0, 4.0, 2.0, 3.0, 2.0, 1.0, 0.0, 1.0, 0.0, 0.0, 1.0, 0.0, 0.0, 1.0, 0.0, 1.0, 0.0, 0.0, 0.0, 0.0, 0.0, 0.0, 0.0, 0.0, 0.0, 0.0, 0.0, 0.0, 0.0, 0.0, 0.0, 0.0, 0.0, 0.0, 0.0, 0.0, 0.0, 0.0, 0.0, 0.0, 0.0, 0.0, 0.0, 0.0, 0.0, 0.0, 0.0, 0.0, 0.0, 1.0],