{"loss": 0.274716317653656, "epoch": 99, "_timestamp": 1708159656.309176, "_runtime": 104.59049391746521, "_step": 99, "gradients/graph_107.bias": {"_type": "histogram", "values": [1.0], "bins": [-90252.5, -90252.5]}, "gradients/graph_107.weight": {"_type": "histogram", "values": [1.0, 0.0, 0.0, 0.0, 0.0, 0.0, 0.0, 0.0, 0.0, 0.0, 0.0, 0.0, 0.0, 0.0, 0.0, 1.0, 0.0, 0.0, 0.0, 0.0, 0.0, 0.0, 0.0, 0.0, 0.0, 0.0, 0.0, 0.0, 0.0, 0.0, 0.0, 0.0, 0.0, 0.0, 0.0, 0.0, 0.0, 0.0, 0.0, 0.0, 0.0, 0.0, 0.0, 0.0, 0.0, 0.0, 0.0, 3.0, 3.0, 3.0, 0.0, 0.0, 1.0, 2.0, 1.0, 1.0, 0.0, 4.0, 0.0, 0.0, 0.0, 0.0, 39.0, 5.0], "bins": [-22702350336.0, -22336733184.0, -21971118080.0, -21605500928.0, -21239885824.0, -20874268672.0, -20508653568.0, -20143036416.0, -19777421312.0, -19411804160.0, -19046189056.0, -18680571904.0, -18314956800.0, -17949339648.0, -17583724544.0, -17218107392.0, -16852492288.0, -16486875136.0, -16121259008.0, -15755642880.0, -15390026752.0, -15024410624.0, -14658794496.0, -14293178368.0, -13927562240.0, -13561946112.0, -13196329984.0, -12830713856.0, -12465097728.0, -12099481600.0, -11733865472.0, -11368249344.0, -11002633216.0, -10637017088.0, -10271400960.0, -9905784832.0, -9540167680.0, -9174551552.0, -8808935424.0, -8443319808.0, -8077703680.0, -7712087552.0, -7346471424.0, -6980855296.0, -6615238656.0, -6249622528.0, -5884006400.0, -5518390272.0, -5152774144.0, -4787158016.0, -4421541888.0, -4055925760.0, -3690309632.0, -3324693504.0, -2959077376.0, -2593461248.0, -2227845120.0, -1862228864.0, -1496612608.0, -1130996480.0, -765380352.0, -399764192.0, -34148032.0, 331468128.0, 697084288.0]}, "gradients/graph_105.bias": {"_type": "histogram", "values": [1.0, 0.0, 0.0, 0.0, 0.0, 0.0, 0.0, 0.0, 0.0, 0.0, 0.0, 0.0, 0.0, 0.0, 2.0, 5.0, 3.0, 1.0, 0.0, 2.0, 4.0, 0.0, 0.0, 0.0, 0.0, 1.0, 0.0, 0.0, 0.0, 0.0, 0.0, 0.0, 0.0, 0.0, 0.0, 0.0, 1.0, 0.0, 1.0, 0.0, 31.0, 0.0, 3.0, 4.0, 3.0, 0.0, 1.0, 0.0, 0.0, 0.0, 0.0, 0.0, 0.0, 0.0, 0.0, 0.0, 0.0, 0.0, 0.0, 0.0, 0.0, 0.0, 0.0, 1.0], "bins": [-207699.796875, -202599.53125, -197499.265625, -192399.0, -187298.734375, -182198.46875, -177098.203125, -171997.9375, -166897.65625, -161797.390625, -156697.125, -151596.859375, -146496.59375, -141396.328125, -136296.0625, -131195.796875, -126095.53125, -120995.265625, -115895.0, -110794.734375, -105694.46875, -100594.1953125, -95493.9296875, -90393.6640625, -85293.3984375, -80193.1328125, -75092.8671875, -69992.6015625, -64892.33203125, -59792.06640625, -54691.796875, -49591.53125, -44491.2734375, -39391.0078125, -34290.7421875, -29190.47265625, -24090.20703125, -18989.94140625, -13889.673828125, -8789.4072265625, -3689.140625, 1411.1259765625, 6511.392578125, 11611.6591796875, 16711.92578125, 21812.19140625, 26912.458984375, 32012.7265625, 37112.9921875, 42213.2578125, 47313.5234375, 52413.79296875, 57514.05859375, 62614.32421875, 67714.59375, 72814.859375, 77915.125, 83015.390625, 88115.65625, 93215.921875, 98316.1875, 103416.4609375, 108516.7265625, 113616.9921875, 118717.2578125]}, "gradients/graph_105.weight": {"_type": "histogram", "values": [1.0, 0.0, 0.0, 0.0, 0.0, 0.0, 0.0, 0.0, 1.0, 2.0, 0.0, 0.0, 0.0, 0.0, 3.0, 2.0, 5.0, 2.0, 2.0, 2.0, 49.0, 40.0, 23.0, 5.0, 3.0, 20.0, 12.0, 94.0, 361.0, 378.0, 65.0, 408.0, 79.0, 82.0, 23.0, 88.0, 38.0, 8.0, 20.0, 86.0, 5180.0, 995.0, 20.0, 5.0, 1.0, 1.0, 2.0, 0.0, 1.0, 0.0, 2.0, 35.0, 41.0, 1.0, 1.0, 1.0, 0.0, 0.0, 2.0, 1.0, 0.0, 0.0, 0.0, 1.0], "bins": [-1162803328.0, -1134249600.0, -1105695872.0, -1077142144.0, -1048588352.0, -1020034560.0, -991480832.0, -962927104.0, -934373376.0, -905819584.0, -877265856.0, -848712128.0, -820158336.0, -791604608.0, -763050880.0, -734497088.0, -705943360.0, -677389632.0, -648835840.0, -620282112.0, -591728384.0, -563174592.0, -534620864.0, -506067136.0, -477513376.0, -448959616.0, -420405888.0, -391852128.0, -363298368.0, -334744640.0, -306190880.0, -277637152.0, -249083392.0, -220529648.0, -191975904.0, -163422144.0, -134868400.0, -106314656.0, -77760904.0, -49207156.0, -20653408.0, 7900340.0, 36454088.0, 65007836.0, 93561584.0, 122115328.0, 150669088.0, 179222832.0, 207776576.0, 236330320.0, 264884064.0, 293437824.0, 321991552.0, 350545312.0, 379099072.0, 407652800.0, 436206560.0, 464760320.0, 493314048.0, 521867808.0, 550421568.0, 578975296.0, 607529024.0, 636082816.0, 664636544.0]}, "gradients/graph_103.bias": {"_type": "histogram", "values": [3.0, 0.0, 3.0, 0.0, 75.0, 0.0, 0.0, 35.0, 0.0, 1.0, 2.0, 1.0, 0.0, 1.0, 1.0, 0.0, 0.0, 0.0, 0.0, 0.0, 0.0, 0.0, 0.0, 0.0, 1.0, 1.0, 0.0, 0.0, 0.0, 0.0, 0.0, 0.0, 0.0, 0.0, 0.0, 0.0, 0.0, 1.0, 0.0, 0.0, 0.0, 0.0, 0.0, 1.0, 0.0, 0.0, 1.0, 0.0, 0.0, 0.0, 0.0, 0.0, 0.0, 0.0, 0.0, 0.0, 0.0, 0.0, 0.0, 0.0, 0.0, 0.0, 0.0, 1.0], "bins": [-5364946.0, -4671903.5, -3978860.75, -3285818.0, -2592775.5, -1899732.875, -1206690.25, -513647.625, 179395.0, 872437.625, 1565480.25, 2258523.0, 2951565.5, 3644608.0, 4337651.0, 5030693.5, 5723736.0, 6416778.5, 7109821.0, 7802864.0, 8495906.0, 9188949.0, 9881992.0, 10575034.0, 11268077.0, 11961120.0, 12654162.0, 13347205.0, 14040248.0, 14733290.0, 15426333.0, 16119375.0, 16812420.0, 17505462.0, 18198506.0, 18891548.0, 19584590.0, 20277634.0, 20970676.0, 21663718.0, 22356760.0, 23049804.0, 23742846.0, 24435888.0, 25128932.0, 25821974.0, 26515016.0, 27208060.0, 27901102.0, 28594144.0, 29287188.0, 29980230.0, 30673272.0, 31366316.0, 32059358.0, 32752400.0, 33445444.0, 34138484.0, 34831528.0, 35524572.0, 36217612.0, 36910656.0, 37603700.0, 38296740.0, 38989784.0]}, "gradients/graph_103.weight": {"_type": "histogram", "values": [16.0, 49.0, 106.0, 173.0, 2005.0, 4888.0, 9449.0, 14141.0, 454.0, 264.0, 199.0, 124.0, 95.0, 82.0, 62.0, 58.0, 45.0, 43.0, 45.0, 37.0, 33.0, 30.0, 24.0, 18.0, 24.0, 23.0, 20.0, 18.0, 17.0, 21.0, 19.0, 20.0, 15.0, 18.0, 21.0, 12.0, 8.0, 6.0, 13.0, 6.0, 4.0, 4.0, 8.0, 7.0, 6.0, 2.0, 7.0, 5.0, 1.0, 2.0, 0.0, 8.0, 1.0, 2.0, 0.0, 1.0, 2.0, 1.0, 2.0, 1.0, 1.0, 0.0, 1.0, 1.0], "bins": [-152417072.0, -131484328.0, -110551584.0, -89618832.0, -68686088.0, -47753344.0, -26820596.0, -5887850.0, 15044896.0, 35977640.0, 56910388.0, 77843136.0, 98775880.0, 119708624.0, 140641376.0, 161574112.0, 182506864.0, 203439616.0, 224372352.0, 245305104.0, 266237856.0, 287170592.0, 308103328.0, 329036096.0, 349968832.0, 370901568.0, 391834336.0, 412767072.0, 433699808.0, 454632576.0, 475565312.0, 496498048.0, 517430848.0, 538363584.0, 559296320.0, 580229056.0, 601161856.0, 622094592.0, 643027328.0, 663960064.0, 684892800.0, 705825536.0, 726758336.0, 747691072.0, 768623808.0, 789556544.0, 810489280.0, 831422016.0, 852354816.0, 873287552.0, 894220288.0, 915153024.0, 936085760.0, 957018496.0, 977951232.0, 998884032.0, 1019816768.0, 1040749504.0, 1061682240.0, 1082615040.0, 1103547776.0, 1124480512.0, 1145413248.0, 1166345984.0, 1187278720.0]}, "gradients/graph_100.bias": {"_type": "histogram", "values": [1.0, 1.0, 0.0, 0.0, 1.0, 1.0, 0.0, 0.0, 2.0, 0.0, 0.0, 4.0, 1.0, 1.0, 3.0, 7.0, 3.0, 9.0, 8.0, 8.0, 8.0, 21.0, 12.0, 27.0, 36.0, 56.0, 29.0, 6.0, 2.0, 3.0, 1.0, 0.0, 1.0, 1.0, 0.0, 1.0, 0.0, 0.0, 0.0, 0.0, 0.0, 0.0, 0.0, 0.0, 0.0, 0.0, 0.0, 0.0, 0.0, 0.0, 0.0, 0.0, 0.0, 0.0, 0.0, 1.0, 0.0, 0.0, 0.0, 0.0, 0.0, 0.0, 0.0, 1.0],