{"loss": 0.25184834003448486, "epoch": 199, "_timestamp": 1708160805.399059, "_runtime": 173.98852610588074, "_step": 199, "gradients/graph_137.bias": {"_type": "histogram", "values": [1.0], "bins": [-78173.9140625, -78173.9140625]}, "gradients/graph_137.weight": {"_type": "histogram", "values": [3.0, 3.0, 2.0, 1.0, 2.0, 2.0, 0.0, 1.0, 1.0, 0.0, 0.0, 0.0, 0.0, 0.0, 0.0, 0.0, 0.0, 0.0, 0.0, 0.0, 0.0, 0.0, 0.0, 0.0, 0.0, 0.0, 0.0, 0.0, 0.0, 0.0, 0.0, 0.0, 0.0, 0.0, 0.0, 0.0, 0.0, 0.0, 0.0, 0.0, 0.0, 0.0, 0.0, 0.0, 0.0, 0.0, 0.0, 0.0, 0.0, 0.0, 0.0, 0.0, 0.0, 0.0, 0.0, 2.0, 0.0, 2.0, 1.0, 0.0, 1.0, 4.0, 2.0, 5.0], "bins": [-19792537600.0, -19178125312.0, -18563713024.0, -17949300736.0, -17334888448.0, -16720475136.0, -16106062848.0, -15491650560.0, -14877238272.0, -14262825984.0, -13648413696.0, -13034001408.0, -12419588096.0, -11805175808.0, -11190763520.0, -10576351232.0, -9961938944.0, -9347526656.0, -8733114368.0, -8118701568.0, -7504289280.0, -6889876992.0, -6275464192.0, -5661051904.0, -5046639616.0, -4432227328.0, -3817814784.0, -3203402240.0, -2588989952.0, -1974577536.0, -1360165120.0, -745752704.0, -131340288.0, 483072128.0, 1097484544.0, 1711896960.0, 2326309376.0, 2940721664.0, 3555134208.0, 4169546752.0, 4783959040.0, 5398371328.0, 6012783616.0, 6627196416.0, 7241608704.0, 7856020992.0, 8470433792.0, 9084846080.0, 9699258368.0, 10313670656.0, 10928082944.0, 11542495232.0, 12156907520.0, 12771320832.0, 13385733120.0, 14000145408.0, 14614557696.0, 15228969984.0, 15843382272.0, 16457794560.0, 17072207872.0, 17686620160.0, 18301032448.0, 18915444736.0, 19529857024.0]}, "gradients/graph_136.bias": {"_type": "histogram", "values": [4.0, 5.0, 3.0, 1.0, 4.0, 0.0, 0.0, 0.0, 0.0, 0.0, 0.0, 0.0, 0.0, 0.0, 0.0, 0.0, 0.0, 0.0, 0.0, 0.0, 0.0, 0.0, 0.0, 0.0, 0.0, 0.0, 0.0, 0.0, 0.0, 0.0, 0.0, 0.0, 0.0, 0.0, 0.0, 0.0, 0.0, 0.0, 0.0, 0.0, 0.0, 0.0, 0.0, 0.0, 0.0, 0.0, 0.0, 0.0, 0.0, 0.0, 0.0, 0.0, 0.0, 0.0, 0.0, 0.0, 0.0, 0.0, 0.0, 2.0, 4.0, 3.0, 2.0, 4.0], "bins": [-128590.0, -124556.015625, -120522.03125, -116488.046875, -112454.0625, -108420.078125, -104386.09375, -100352.109375, -96318.125, -92284.1484375, -88250.1640625, -84216.1796875, -80182.1953125, -76148.2109375, -72114.2265625, -68080.2421875, -64046.2578125, -60012.2734375, -55978.2890625, -51944.3046875, -47910.3203125, -43876.33984375, -39842.35546875, -35808.37109375, -31774.38671875, -27740.40234375, -23706.41796875, -19672.435546875, -15638.451171875, -11604.466796875, -7570.4833984375, -3536.49951171875, 497.4921875, 4531.47607421875, 8565.4599609375, 12599.443359375, 16633.427734375, 20667.412109375, 24701.39453125, 28735.37890625, 32769.36328125, 36803.34765625, 40837.33203125, 44871.31640625, 48905.296875, 52939.28125, 56973.265625, 61007.25, 65041.234375, 69075.21875, 73109.203125, 77143.1875, 81177.171875, 85211.15625, 89245.140625, 93279.125, 97313.109375, 101347.0859375, 105381.0703125, 109415.0546875, 113449.0390625, 117483.0234375, 121517.0078125, 125550.9921875, 129584.9765625]}, "gradients/graph_136.weight": {"_type": "histogram", "values": [5.0, 9.0, 8.0, 9.0, 12.0, 9.0, 8.0, 8.0, 11.0, 5.0, 5.0, 1.0, 0.0, 0.0, 5.0, 4.0, 7.0, 6.0, 6.0, 6.0, 7.0, 4.0, 0.0, 0.0, 0.0, 9.0, 21.0, 22.0, 23.0, 10.0, 5.0, 0.0, 1568.0, 0.0, 17.0, 14.0, 37.0, 18.0, 16.0, 0.0, 0.0, 0.0, 5.0, 7.0, 6.0, 5.0, 9.0, 7.0, 7.0, 5.0, 0.0, 0.0, 1.0, 4.0, 6.0, 11.0, 9.0, 9.0, 14.0, 11.0, 7.0, 13.0, 12.0, 5.0], "bins": [-4109959424.0, -3982016256.0, -3854073088.0, -3726129920.0, -3598186752.0, -3470243584.0, -3342300672.0, -3214357504.0, -3086414336.0, -2958471168.0, -2830528000.0, -2702584832.0, -2574641664.0, -2446698496.0, -2318755328.0, -2190812160.0, -2062869120.0, -1934925952.0, -1806982784.0, -1679039744.0, -1551096576.0, -1423153408.0, -1295210240.0, -1167267072.0, -1039323968.0, -911380800.0, -783437696.0, -655494528.0, -527551392.0, -399608256.0, -271665088.0, -143721952.0, -15778816.0, 112164328.0, 240107472.0, 368050624.0, 495993760.0, 623936896.0, 751880064.0, 879823168.0, 1007766336.0, 1135709440.0, 1263652608.0, 1391595776.0, 1519538944.0, 1647482112.0, 1775425152.0, 1903368320.0, 2031311488.0, 2159254528.0, 2287197696.0, 2415140864.0, 2543084032.0, 2671027200.0, 2798970368.0, 2926913536.0, 3054856704.0, 3182799872.0, 3310743040.0, 3438685952.0, 3566629120.0, 3694572288.0, 3822515456.0, 3950458624.0, 4078401792.0]}, "gradients/graph_134.bias": {"_type": "histogram", "values": [1.0, 0.0, 0.0, 0.0, 0.0, 0.0, 0.0, 1.0, 0.0, 0.0, 0.0, 1.0, 0.0, 0.0, 1.0, 0.0, 0.0, 0.0, 0.0, 0.0, 0.0, 0.0, 0.0, 0.0, 49.0, 0.0, 0.0, 0.0, 1.0, 0.0, 0.0, 0.0, 1.0, 0.0, 3.0, 1.0, 0.0, 0.0, 0.0, 1.0, 1.0, 0.0, 0.0, 0.0, 0.0, 0.0, 1.0, 0.0, 0.0, 0.0, 0.0, 1.0, 0.0, 0.0, 0.0, 0.0, 0.0, 0.0, 0.0, 0.0, 0.0, 0.0, 0.0, 1.0], "bins": [-3548478.0, -3401663.0, -3254847.75, -3108032.5, -2961217.5, -2814402.5, -2667587.25, -2520772.0, -2373957.0, -2227142.0, -2080326.75, -1933511.625, -1786696.5, -1639881.375, -1493066.25, -1346251.125, -1199436.0, -1052620.875, -905805.75, -758990.625, -612175.5, -465360.375, -318545.25, -171730.125, -24915.0, 121900.125, 268715.25, 415530.375, 562345.5, 709160.625, 855975.75, 1002790.875, 1149606.5, 1296421.625, 1443236.75, 1590051.875, 1736867.0, 1883682.125, 2030497.25, 2177312.5, 2324127.5, 2470942.5, 2617757.75, 2764573.0, 2911388.0, 3058203.0, 3205018.25, 3351833.5, 3498648.5, 3645463.5, 3792278.75, 3939094.0, 4085909.0, 4232724.0, 4379539.0, 4526354.5, 4673169.5, 4819984.5, 4966800.0, 5113615.0, 5260430.0, 5407245.0, 5554060.0, 5700875.5, 5847690.5]}, "gradients/graph_134.weight": {"_type": "histogram", "values": [1.0, 1.0, 0.0, 0.0, 1.0, 0.0, 0.0, 0.0, 2.0, 2.0, 2.0, 2.0, 0.0, 3.0, 0.0, 3.0, 6.0, 6.0, 2.0, 9.0, 4.0, 6.0, 8.0, 14.0, 59.0, 6717.0, 249.0, 587.0, 150.0, 90.0, 51.0, 38.0, 26.0, 21.0, 20.0, 18.0, 17.0, 8.0, 11.0, 8.0, 9.0, 6.0, 5.0, 1.0, 2.0, 1.0, 5.0, 1.0, 4.0, 4.0, 4.0, 1.0, 0.0, 0.0, 0.0, 0.0, 1.0, 0.0, 1.0, 0.0, 3.0, 0.0, 1.0, 1.0], "bins": [-9744548864.0, -9369605120.0, -8994661376.0, -8619716608.0, -8244772864.0, -7869829120.0, -7494885376.0, -7119941120.0, -6744997376.0, -6370053632.0, -5995109376.0, -5620165632.0, -5245221888.0, -4870277632.0, -4495333888.0, -4120389888.0, -3745445888.0, -3370501888.0, -2995557888.0, -2620614144.0, -2245670144.0, -1870726144.0, -1495782272.0, -1120838400.0, -745894400.0, -370950464.0, 3993472.0, 378937408.0, 753881344.0, 1128825344.0, 1503769216.0, 1878713088.0, 2253658112.0, 2628602112.0, 3003546112.0, 3378489856.0, 3753433856.0, 4128377856.0, 4503321600.0, 4878265856.0, 5253209600.0, 5628153344.0, 6003097600.0, 6378041344.0, 6752985088.0, 7127929344.0, 7502873088.0, 7877817344.0, 8252761088.0, 8627704832.0, 9002648576.0, 9377593344.0, 9752537088.0, 10127480832.0, 10502424576.0, 10877368320.0, 11252312064.0, 11627256832.0, 12002200576.0, 12377144320.0, 12752088064.0, 13127031808.0, 13501976576.0, 13876920320.0, 14251864064.0]}, "gradients/graph_132.bias": {"_type": "histogram", "values": [1.0, 0.0, 0.0, 0.0, 0.0, 0.0, 1.0, 1.0, 0.0, 0.0, 0.0, 0.0, 0.0, 0.0, 0.0, 2.0, 1.0, 1.0, 0.0, 0.0, 0.0, 2.0, 0.0, 0.0, 0.0, 0.0, 0.0, 0.0, 0.0, 1.0, 1.0, 6.0, 31.0, 20.0, 22.0, 10.0, 12.0, 7.0, 1.0, 2.0, 0.0, 0.0, 3.0, 0.0, 1.0, 0.0, 0.0, 0.0, 0.0, 0.0, 1.0, 0.0, 0.0, 0.0, 0.0, 0.0, 0.0, 0.0, 0.0, 0.0, 0.0, 0.0, 0.0, 1.0],