{"loss": 0.2715182900428772, "epoch": 199, "_timestamp": 1708160183.5632288, "_runtime": 199.50419974327087, "_step": 199, "gradients/graph_127.bias": {"_type": "histogram", "values": [1.0], "bins": [20010.10546875, 20010.10546875]}, "gradients/graph_127.weight": {"_type": "histogram", "values": [1.0, 0.0, 1.0, 0.0, 0.0, 0.0, 0.0, 0.0, 0.0, 0.0, 0.0, 0.0, 0.0, 0.0, 0.0, 0.0, 0.0, 0.0, 0.0, 0.0, 0.0, 0.0, 0.0, 0.0, 0.0, 0.0, 0.0, 0.0, 2.0, 0.0, 0.0, 1.0, 0.0, 0.0, 25.0, 0.0, 1.0, 3.0, 4.0, 4.0, 3.0, 1.0, 0.0, 1.0, 0.0, 2.0, 1.0, 0.0, 1.0, 1.0, 2.0, 3.0, 0.0, 3.0, 1.0, 0.0, 0.0, 0.0, 1.0, 1.0, 0.0, 0.0, 0.0, 1.0], "bins": [-2154104832.0, -2091976704.0, -2029848576.0, -1967720448.0, -1905592320.0, -1843464192.0, -1781336064.0, -1719207936.0, -1657079808.0, -1594951808.0, -1532823680.0, -1470695552.0, -1408567424.0, -1346439296.0, -1284311168.0, -1222183040.0, -1160054912.0, -1097926784.0, -1035798656.0, -973670528.0, -911542400.0, -849414336.0, -787286208.0, -725158080.0, -663029952.0, -600901824.0, -538773696.0, -476645600.0, -414517472.0, -352389344.0, -290261248.0, -228133120.0, -166005120.0, -103877000.0, -41748880.0, 20379240.0, 82507360.0, 144635488.0, 206763600.0, 268891712.0, 331019840.0, 393147968.0, 455276096.0, 517404192.0, 579532288.0, 641660416.0, 703788544.0, 765916672.0, 828044800.0, 890172928.0, 952301056.0, 1014429184.0, 1076557312.0, 1138685440.0, 1200813568.0, 1262941696.0, 1325069824.0, 1387197824.0, 1449325952.0, 1511454080.0, 1573582208.0, 1635710336.0, 1697838464.0, 1759966592.0, 1822094720.0]}, "gradients/graph_125.bias": {"_type": "histogram", "values": [1.0, 0.0, 0.0, 0.0, 0.0, 1.0, 0.0, 0.0, 0.0, 0.0, 0.0, 25.0, 0.0, 3.0, 6.0, 7.0, 12.0, 0.0, 0.0, 0.0, 0.0, 1.0, 0.0, 0.0, 0.0, 1.0, 0.0, 0.0, 1.0, 0.0, 1.0, 1.0, 1.0, 0.0, 0.0, 0.0, 0.0, 0.0, 0.0, 0.0, 0.0, 0.0, 1.0, 0.0, 0.0, 0.0, 0.0, 0.0, 1.0, 0.0, 0.0, 0.0, 0.0, 0.0, 0.0, 0.0, 0.0, 0.0, 0.0, 0.0, 0.0, 0.0, 0.0, 1.0], "bins": [-116823.5703125, -106561.421875, -96299.265625, -86037.1171875, -75774.96875, -65512.8125, -55250.6640625, -44988.51171875, -34726.359375, -24464.20703125, -14202.056640625, -3939.9052734375, 6322.24609375, 16584.3984375, 26846.548828125, 37108.69921875, 47370.8515625, 57633.00390625, 67895.15625, 78157.3046875, 88419.453125, 98681.609375, 108943.7578125, 119205.9140625, 129468.0625, 139730.21875, 149992.359375, 160254.515625, 170516.671875, 180778.8125, 191040.96875, 201303.125, 211565.28125, 221827.4375, 232089.578125, 242351.734375, 252613.890625, 262876.03125, 273138.1875, 283400.34375, 293662.5, 303924.65625, 314186.78125, 324448.9375, 334711.09375, 344973.25, 355235.40625, 365497.5625, 375759.6875, 386021.84375, 396284.0, 406546.15625, 416808.3125, 427070.46875, 437332.625, 447594.75, 457856.90625, 468119.0625, 478381.21875, 488643.375, 498905.53125, 509167.65625, 519429.8125, 529692.0, 539954.125]}, "gradients/graph_125.weight": {"_type": "histogram", "values": [4.0, 5.0, 13.0, 17.0, 10.0, 19.0, 56.0, 86.0, 17.0, 4.0, 1.0, 204.0, 480.0, 335.0, 116.0, 1155.0, 195.0, 82.0, 191.0, 89.0, 97.0, 39.0, 63.0, 73.0, 45.0, 47.0, 45.0, 35.0, 3382.0, 46.0, 42.0, 10.0, 12.0, 109.0, 13.0, 80.0, 35.0, 149.0, 20.0, 28.0, 24.0, 111.0, 103.0, 10.0, 123.0, 56.0, 11.0, 11.0, 12.0, 6.0, 5.0, 80.0, 30.0, 61.0, 2.0, 3.0, 5.0, 3.0, 1.0, 1.0, 1.0, 0.0, 14.0, 70.0], "bins": [-463330944.0, -447221248.0, -431111552.0, -415001856.0, -398892160.0, -382782464.0, -366672768.0, -350563072.0, -334453376.0, -318343680.0, -302233984.0, -286124288.0, -270014592.0, -253904880.0, -237795184.0, -221685488.0, -205575792.0, -189466096.0, -173356400.0, -157246704.0, -141137008.0, -125027304.0, -108917608.0, -92807912.0, -76698216.0, -60588520.0, -44478824.0, -28369124.0, -12259428.0, 3850269.0, 19959966.0, 36069664.0, 52179360.0, 68289056.0, 84398752.0, 100508448.0, 116618144.0, 132727848.0, 148837536.0, 164947232.0, 181056928.0, 197166640.0, 213276336.0, 229386032.0, 245495728.0, 261605424.0, 277715104.0, 293824800.0, 309934528.0, 326044224.0, 342153920.0, 358263616.0, 374373312.0, 390483008.0, 406592704.0, 422702400.0, 438812096.0, 454921792.0, 471031488.0, 487141184.0, 503250880.0, 519360576.0, 535470272.0, 551579968.0, 567689664.0]}, "gradients/graph_123.bias": {"_type": "histogram", "values": [1.0, 0.0, 0.0, 0.0, 1.0, 0.0, 1.0, 1.0, 0.0, 1.0, 1.0, 0.0, 1.0, 0.0, 0.0, 1.0, 0.0, 0.0, 0.0, 1.0, 0.0, 0.0, 0.0, 0.0, 0.0, 0.0, 0.0, 1.0, 0.0, 0.0, 0.0, 3.0, 96.0, 12.0, 3.0, 0.0, 0.0, 1.0, 1.0, 0.0, 0.0, 0.0, 0.0, 0.0, 0.0, 0.0, 0.0, 0.0, 0.0, 0.0, 0.0, 0.0, 0.0, 0.0, 0.0, 0.0, 0.0, 0.0, 0.0, 0.0, 0.0, 1.0, 0.0, 1.0], "bins": [-62252700.0, -60294308.0, -58335912.0, -56377520.0, -54419128.0, -52460736.0, -50502340.0, -48543948.0, -46585556.0, -44627160.0, -42668768.0, -40710376.0, -38751984.0, -36793588.0, -34835196.0, -32876804.0, -30918410.0, -28960016.0, -27001624.0, -25043230.0, -23084838.0, -21126444.0, -19168052.0, -17209658.0, -15251265.0, -13292872.0, -11334479.0, -9376086.0, -7417692.5, -5459299.5, -3500906.25, -1542513.125, 415880.0, 2374273.0, 4332666.0, 6291059.5, 8249452.5, 10207846.0, 12166239.0, 14124632.0, 16083025.0, 18041418.0, 19999812.0, 21958204.0, 23916598.0, 25874990.0, 27833384.0, 29791776.0, 31750170.0, 33708564.0, 35666956.0, 37625348.0, 39583744.0, 41542136.0, 43500528.0, 45458920.0, 47417316.0, 49375708.0, 51334100.0, 53292496.0, 55250888.0, 57209280.0, 59167672.0, 61126068.0, 63084460.0]}, "gradients/graph_123.weight": {"_type": "histogram", "values": [1.0, 0.0, 0.0, 0.0, 0.0, 1.0, 0.0, 1.0, 0.0, 0.0, 1.0, 0.0, 0.0, 0.0, 1.0, 1.0, 0.0, 0.0, 2.0, 1.0, 3.0, 2.0, 4.0, 5.0, 4.0, 9.0, 10.0, 19.0, 14.0, 34.0, 36.0, 44.0, 56.0, 62.0, 89.0, 121.0, 164.0, 3947.0, 26050.0, 1008.0, 299.0, 177.0, 127.0, 94.0, 76.0, 58.0, 49.0, 39.0, 36.0, 30.0, 25.0, 20.0, 15.0, 10.0, 5.0, 4.0, 5.0, 2.0, 2.0, 1.0, 1.0, 2.0, 0.0, 1.0], "bins": [-4344430080.0, -4231685376.0, -4118940416.0, -4006195712.0, -3893451008.0, -3780706048.0, -3667961344.0, -3555216640.0, -3442471936.0, -3329726976.0, -3216982272.0, -3104237568.0, -2991492608.0, -2878747904.0, -2766003200.0, -2653258240.0, -2540513536.0, -2427768832.0, -2315023872.0, -2202279168.0, -2089534464.0, -1976789632.0, -1864044800.0, -1751300096.0, -1638555264.0, -1525810432.0, -1413065728.0, -1300320896.0, -1187576064.0, -1074831360.0, -962086528.0, -849341760.0, -736596736.0, -623851968.0, -511107168.0, -398362368.0, -285617600.0, -172872816.0, -60128032.0, 52616752.0, 165361536.0, 278106304.0, 390851104.0, 503595904.0, 616340672.0, 729085440.0, 841830272.0, 954575040.0, 1067319808.0, 1180064640.0, 1292809344.0, 1405554176.0, 1518298880.0, 1631043712.0, 1743788544.0, 1856533248.0, 1969278080.0, 2082022912.0, 2194767616.0, 2307512320.0, 2420257280.0, 2533001984.0, 2645746688.0, 2758491648.0, 2871236352.0]}, "gradients/graph_120.bias": {"_type": "histogram", "values": [1.0, 0.0, 0.0, 0.0, 0.0, 0.0, 0.0, 0.0, 0.0, 0.0, 0.0, 0.0, 0.0, 0.0, 0.0, 0.0, 0.0, 0.0, 0.0, 0.0, 0.0, 0.0, 0.0, 1.0, 0.0, 1.0, 0.0, 1.0, 1.0, 2.0, 4.0, 2.0, 8.0, 6.0, 9.0, 12.0, 20.0, 64.0, 52.0, 29.0, 19.0, 6.0, 2.0, 3.0, 0.0, 1.0, 4.0, 1.0, 2.0, 0.0, 0.0, 1.0, 0.0, 0.0, 0.0, 0.0, 2.0, 0.0, 0.0, 0.0, 0.0, 0.0, 1.0, 1.0],