{"loss": 0.2820826768875122, "epoch": 999, "_timestamp": 1708161810.329748, "_runtime": 592.3237118721008, "_step": 999, "gradients/graph_168.bias": {"_type": "histogram", "values": [1.0], "bins": [69513.109375, 69513.109375]}, "gradients/graph_168.weight": {"_type": "histogram", "values": [7.0, 0.0, 2.0, 0.0, 0.0, 1.0, 1.0, 2.0, 1.0, 0.0, 1.0, 0.0, 0.0, 0.0, 0.0, 0.0, 0.0, 0.0, 0.0, 0.0, 0.0, 0.0, 0.0, 0.0, 0.0, 0.0, 0.0, 0.0, 0.0, 0.0, 0.0, 0.0, 0.0, 0.0, 0.0, 1.0, 1.0, 1.0, 0.0, 1.0, 1.0, 0.0, 0.0, 0.0, 0.0, 0.0, 0.0, 0.0, 0.0, 1.0, 0.0, 0.0, 0.0, 0.0, 0.0, 0.0, 0.0, 0.0, 0.0, 0.0, 1.0, 2.0, 4.0, 4.0], "bins": [-25836990.0, 362002112.0, 749841216.0, 1137680384.0, 1525519488.0, 1913358592.0, 2301197568.0, 2689036800.0, 3076875776.0, 3464715008.0, 3852553984.0, 4240393216.0, 4628232192.0, 5016071168.0, 5403910656.0, 5791749632.0, 6179588608.0, 6567427584.0, 6955267072.0, 7343106048.0, 7730945024.0, 8118784000.0, 8506623488.0, 8894461952.0, 9282301952.0, 9670140928.0, 10057979904.0, 10445818880.0, 10833657856.0, 11221496832.0, 11609335808.0, 11997174784.0, 12385013760.0, 12772852736.0, 13160691712.0, 13548530688.0, 13936369664.0, 14324209664.0, 14712048640.0, 15099887616.0, 15487726592.0, 15875565568.0, 16263404544.0, 16651243520.0, 17039083520.0, 17426921472.0, 17814761472.0, 18202599424.0, 18590439424.0, 18978279424.0, 19366117376.0, 19753957376.0, 20141795328.0, 20529635328.0, 20917473280.0, 21305313280.0, 21693153280.0, 22080991232.0, 22468831232.0, 22856669184.0, 23244509184.0, 23632347136.0, 24020187136.0, 24408025088.0, 24795865088.0]}, "gradients/graph_166.bias": {"_type": "histogram", "values": [2.0, 0.0, 0.0, 1.0, 1.0, 0.0, 0.0, 0.0, 0.0, 0.0, 0.0, 1.0, 0.0, 0.0, 0.0, 0.0, 0.0, 0.0, 0.0, 0.0, 1.0, 0.0, 1.0, 0.0, 1.0, 0.0, 0.0, 14.0, 4.0, 0.0, 0.0, 0.0, 0.0, 0.0, 0.0, 0.0, 0.0, 0.0, 0.0, 0.0, 0.0, 0.0, 0.0, 0.0, 1.0, 0.0, 0.0, 0.0, 0.0, 1.0, 0.0, 0.0, 0.0, 1.0, 0.0, 0.0, 0.0, 0.0, 0.0, 0.0, 0.0, 1.0, 0.0, 2.0], "bins": [-41799.09375, -32059.99609375, -22320.8984375, -12581.80078125, -2842.703125, 6896.39453125, 16635.4921875, 26374.58984375, 36113.6875, 45852.78515625, 55591.8828125, 65330.98046875, 75070.078125, 84809.171875, 94548.2734375, 104287.375, 114026.46875, 123765.5625, 133504.65625, 143243.765625, 152982.859375, 162721.953125, 172461.0625, 182200.15625, 191939.25, 201678.34375, 211417.4375, 221156.546875, 230895.640625, 240634.734375, 250373.84375, 260112.9375, 269852.0625, 279591.15625, 289330.25, 299069.34375, 308808.4375, 318547.5625, 328286.65625, 338025.75, 347764.84375, 357503.9375, 367243.03125, 376982.125, 386721.25, 396460.34375, 406199.4375, 415938.53125, 425677.625, 435416.71875, 445155.8125, 454894.90625, 464634.0, 474373.125, 484112.21875, 493851.3125, 503590.40625, 513329.5, 523068.59375, 532807.6875, 542546.8125, 552285.875, 562025.0, 571764.0625, 581503.1875]}, "gradients/graph_166.weight": {"_type": "histogram", "values": [1272.0, 146.0, 84.0, 43.0, 55.0, 5.0, 5.0, 12.0, 28.0, 16.0, 1.0, 4.0, 15.0, 24.0, 14.0, 4.0, 3.0, 1.0, 1.0, 18.0, 6.0, 14.0, 18.0, 23.0, 46.0, 23.0, 27.0, 31.0, 24.0, 9.0, 2.0, 2.0, 2.0, 2.0, 3.0, 0.0, 2.0, 0.0, 3.0, 2.0, 1.0, 2.0, 1.0, 3.0, 1.0, 3.0, 3.0, 2.0, 2.0, 9.0, 2.0, 1.0, 5.0, 5.0, 0.0, 5.0, 3.0, 2.0, 1.0, 5.0, 0.0, 0.0, 1.0, 1.0], "bins": [-128942504.0, 21720552.0, 172383616.0, 323046656.0, 473709728.0, 624372800.0, 775035840.0, 925698880.0, 1076361984.0, 1227025024.0, 1377688064.0, 1528351104.0, 1679014144.0, 1829677184.0, 1980340224.0, 2131003392.0, 2281666304.0, 2432329472.0, 2582992384.0, 2733655552.0, 2884318720.0, 3034981632.0, 3185644800.0, 3336307712.0, 3486970880.0, 3637633792.0, 3788296960.0, 3938960128.0, 4089623040.0, 4240286208.0, 4390949376.0, 4541612032.0, 4692275712.0, 4842938880.0, 4993602048.0, 5144264704.0, 5294927872.0, 5445591040.0, 5596254208.0, 5746916864.0, 5897580032.0, 6048243200.0, 6198906368.0, 6349569536.0, 6500232192.0, 6650895360.0, 6801558528.0, 6952221696.0, 7102884864.0, 7253547520.0, 7404210688.0, 7554873856.0, 7705537024.0, 7856199680.0, 8006862848.0, 8157526016.0, 8308189184.0, 8458852352.0, 8609515520.0, 8760178688.0, 8910840832.0, 9061504000.0, 9212167168.0, 9362830336.0, 9513493504.0]}, "gradients/graph_164.bias": {"_type": "histogram", "values": [1.0, 0.0, 0.0, 0.0, 0.0, 0.0, 0.0, 0.0, 0.0, 0.0, 0.0, 0.0, 0.0, 0.0, 0.0, 0.0, 0.0, 0.0, 0.0, 0.0, 0.0, 0.0, 36.0, 0.0, 0.0, 0.0, 1.0, 0.0, 0.0, 1.0, 0.0, 0.0, 0.0, 1.0, 1.0, 2.0, 1.0, 0.0, 2.0, 3.0, 0.0, 1.0, 0.0, 2.0, 3.0, 1.0, 0.0, 1.0, 1.0, 3.0, 0.0, 0.0, 0.0, 1.0, 0.0, 0.0, 0.0, 0.0, 0.0, 1.0, 0.0, 0.0, 0.0, 1.0], "bins": [-7140409.0, -6817800.5, -6495192.0, -6172584.0, -5849975.5, -5527367.0, -5204758.5, -4882150.0, -4559542.0, -4236933.5, -3914325.0, -3591716.5, -3269108.0, -2946499.75, -2623891.25, -2301283.0, -1978674.5, -1656066.125, -1333457.75, -1010849.25, -688240.875, -365632.46875, -43024.0625, 279584.34375, 602192.75, 924801.125, 1247409.5, 1570018.0, 1892626.375, 2215234.75, 2537843.25, 2860451.5, 3183060.0, 3505668.5, 3828276.75, 4150885.25, 4473493.5, 4796102.0, 5118710.5, 5441319.0, 5763927.0, 6086535.5, 6409144.0, 6731752.5, 7054361.0, 7376969.5, 7699577.5, 8022186.0, 8344794.5, 8667403.0, 8990011.0, 9312620.0, 9635228.0, 9957837.0, 10280445.0, 10603053.0, 10925662.0, 11248270.0, 11570879.0, 11893487.0, 12216095.0, 12538704.0, 12861312.0, 13183921.0, 13506529.0]}, "gradients/graph_164.weight": {"_type": "histogram", "values": [1.0, 0.0, 0.0, 0.0, 0.0, 0.0, 0.0, 0.0, 1.0, 0.0, 0.0, 0.0, 15.0, 51.0, 10.0, 4.0, 2.0, 3.0, 0.0, 2.0, 0.0, 2.0, 3.0, 6.0, 14.0, 9.0, 5033.0, 146.0, 161.0, 177.0, 234.0, 306.0, 191.0, 154.0, 164.0, 178.0, 50.0, 121.0, 93.0, 134.0, 183.0, 138.0, 103.0, 121.0, 160.0, 100.0, 36.0, 41.0, 24.0, 0.0, 5.0, 1.0, 4.0, 1.0, 1.0, 0.0, 1.0, 3.0, 1.0, 0.0, 0.0, 0.0, 2.0, 2.0], "bins": [-7390868480.0, -7115884544.0, -6840900096.0, -6565916160.0, -6290931712.0, -6015947776.0, -5740963328.0, -5465979392.0, -5190994944.0, -4916011008.0, -4641027072.0, -4366042624.0, -4091058688.0, -3816074496.0, -3541090304.0, -3266106112.0, -2991121920.0, -2716137728.0, -2441153536.0, -2166169344.0, -1891185280.0, -1616201088.0, -1341217024.0, -1066232832.0, -791248640.0, -516264480.0, -241280320.0, 33703840.0, 308688000.0, 583672192.0, 858656320.0, 1133640448.0, 1408624640.0, 1683608832.0, 1958593024.0, 2233577216.0, 2508561408.0, 2783545344.0, 3058529536.0, 3333513728.0, 3608497920.0, 3883482112.0, 4158466304.0, 4433450496.0, 4708434432.0, 4983418880.0, 5258402816.0, 5533387264.0, 5808371200.0, 6083355136.0, 6358339584.0, 6633323520.0, 6908307968.0, 7183291904.0, 7458276352.0, 7733260288.0, 8008244224.0, 8283228672.0, 8558212608.0, 8833197056.0, 9108180992.0, 9383164928.0, 9658149888.0, 9933133824.0, 10208117760.0]}, "gradients/graph_162.bias": {"_type": "histogram", "values": [1.0, 0.0, 0.0, 0.0, 0.0, 0.0, 0.0, 0.0, 0.0, 0.0, 0.0, 0.0, 0.0, 0.0, 2.0, 0.0, 0.0, 0.0, 0.0, 0.0, 0.0, 0.0, 0.0, 0.0, 0.0, 0.0, 0.0, 0.0, 0.0, 0.0, 1.0, 0.0, 0.0, 0.0, 0.0, 0.0, 0.0, 0.0, 1.0, 0.0, 0.0, 0.0, 0.0, 0.0, 0.0, 0.0, 0.0, 0.0, 0.0, 0.0, 1.0, 0.0, 0.0, 2.0, 7.0, 3.0, 17.0, 1.0, 2.0, 65.0, 24.0, 0.0, 0.0, 1.0], "bins": [-907347520.0, -890856704.0, -874365952.0, -857875136.0, -841384320.0, -824893504.0, -808402752.0, -791911936.0, -775421120.0, -758930368.0, -742439552.0, -725948736.0, -709457920.0, -692967168.0, -676476352.0, -659985536.0, -643494784.0, -627003968.0, -610513152.0, -594022336.0, -577531584.0, -561040768.0, -544549952.0, -528059168.0, -511568384.0, -495077568.0, -478586784.0, -462095968.0, -445605184.0, -429114368.0, -412623584.0, -396132768.0, -379641952.0, -363151168.0, -346660352.0, -330169568.0, -313678752.0, -297187968.0, -280697152.0, -264206368.0, -247715568.0, -231224768.0, -214733968.0, -198243168.0, -181752384.0, -165261584.0, -148770784.0, -132279984.0, -115789184.0, -99298384.0, -82807584.0, -66316792.0, -49825992.0, -33335194.0, -16844396.0, -353598.0, 16137200.0, 32627998.0, 49118796.0, 65609592.0, 82100392.0, 98591192.0, 115081984.0, 131572784.0, 148063584.0]},