{"loss": 0.2839619815349579, "epoch": 99, "_timestamp": 1708159460.4271219, "_runtime": 56.52409482002258, "_step": 99, "gradients/graph_96.bias": {"_type": "histogram", "values": [1.0], "bins": [413374.9375, 413374.9375]}, "gradients/graph_96.weight": {"_type": "histogram", "values": [29.0, 0.0, 0.0, 0.0, 0.0, 0.0, 0.0, 0.0, 0.0, 0.0, 0.0, 0.0, 0.0, 0.0, 0.0, 0.0, 0.0, 0.0, 0.0, 0.0, 0.0, 0.0, 0.0, 0.0, 0.0, 0.0, 0.0, 0.0, 0.0, 0.0, 0.0, 0.0, 0.0, 0.0, 0.0, 0.0, 0.0, 0.0, 0.0, 1.0, 3.0, 3.0, 2.0, 3.0, 3.0, 0.0, 0.0, 1.0, 2.0, 0.0, 0.0, 0.0, 0.0, 3.0, 0.0, 0.0, 3.0, 2.0, 2.0, 3.0, 3.0, 0.0, 0.0, 1.0], "bins": [0.0, 230172960.0, 460345920.0, 690518912.0, 920691840.0, 1150864768.0, 1381037824.0, 1611210752.0, 1841383680.0, 2071556608.0, 2301729536.0, 2531902464.0, 2762075648.0, 2992248576.0, 3222421504.0, 3452594432.0, 3682767360.0, 3912940288.0, 4143113216.0, 4373286400.0, 4603459072.0, 4833632256.0, 5063804928.0, 5293978112.0, 5524151296.0, 5754323968.0, 5984497152.0, 6214669824.0, 6444843008.0, 6675015680.0, 6905188864.0, 7135361536.0, 7365534720.0, 7595707904.0, 7825880576.0, 8056053760.0, 8286226432.0, 8516399616.0, 8746572800.0, 8976745472.0, 9206918144.0, 9437091840.0, 9667264512.0, 9897437184.0, 10127609856.0, 10357783552.0, 10587956224.0, 10818128896.0, 11048302592.0, 11278475264.0, 11508647936.0, 11738820608.0, 11968994304.0, 12199166976.0, 12429339648.0, 12659512320.0, 12889686016.0, 13119858688.0, 13350031360.0, 13580205056.0, 13810377728.0, 14040550400.0, 14270723072.0, 14500896768.0, 14731069440.0]}, "gradients/graph_94.bias": {"_type": "histogram", "values": [29.0, 0.0, 0.0, 0.0, 0.0, 0.0, 0.0, 0.0, 0.0, 0.0, 0.0, 0.0, 0.0, 0.0, 0.0, 0.0, 0.0, 0.0, 0.0, 0.0, 0.0, 0.0, 0.0, 0.0, 0.0, 0.0, 0.0, 0.0, 0.0, 0.0, 0.0, 0.0, 0.0, 0.0, 0.0, 0.0, 0.0, 0.0, 0.0, 0.0, 0.0, 0.0, 0.0, 0.0, 0.0, 0.0, 0.0, 0.0, 0.0, 0.0, 0.0, 0.0, 0.0, 0.0, 0.0, 0.0, 0.0, 0.0, 0.0, 0.0, 16.0, 4.0, 8.0, 7.0], "bins": [0.0, 10987.26171875, 21974.5234375, 32961.78515625, 43949.046875, 54936.30859375, 65923.5703125, 76910.828125, 87898.09375, 98885.359375, 109872.6171875, 120859.875, 131847.140625, 142834.40625, 153821.65625, 164808.921875, 175796.1875, 186783.453125, 197770.71875, 208757.96875, 219745.234375, 230732.5, 241719.75, 252707.015625, 263694.28125, 274681.53125, 285668.8125, 296656.0625, 307643.3125, 318630.59375, 329617.84375, 340605.125, 351592.375, 362579.625, 373566.90625, 384554.15625, 395541.4375, 406528.6875, 417515.9375, 428503.21875, 439490.46875, 450477.71875, 461465.0, 472452.25, 483439.5, 494426.78125, 505414.03125, 516401.3125, 527388.5625, 538375.8125, 549363.0625, 560350.375, 571337.625, 582324.875, 593312.125, 604299.375, 615286.625, 626273.9375, 637261.1875, 648248.4375, 659235.6875, 670222.9375, 681210.25, 692197.5, 703184.75]}, "gradients/graph_94.weight": {"_type": "histogram", "values": [4552.0, 0.0, 0.0, 35.0, 31.0, 4.0, 70.0, 18.0, 17.0, 0.0, 0.0, 0.0, 0.0, 0.0, 0.0, 0.0, 80.0, 131.0, 162.0, 151.0, 149.0, 126.0, 48.0, 74.0, 24.0, 44.0, 501.0, 1302.0, 637.0, 1.0, 0.0, 0.0, 0.0, 0.0, 0.0, 0.0, 0.0, 0.0, 0.0, 0.0, 0.0, 0.0, 0.0, 0.0, 0.0, 0.0, 0.0, 0.0, 0.0, 0.0, 0.0, 0.0, 0.0, 0.0, 0.0, 0.0, 0.0, 0.0, 0.0, 0.0, 16.0, 4.0, 8.0, 7.0], "bins": [0.0, 44286680.0, 88573360.0, 132860040.0, 177146720.0, 221433408.0, 265720080.0, 310006752.0, 354293440.0, 398580128.0, 442866816.0, 487153472.0, 531440160.0, 575726848.0, 620013504.0, 664300224.0, 708586880.0, 752873536.0, 797160256.0, 841446912.0, 885733632.0, 930020288.0, 974306944.0, 1018593664.0, 1062880320.0, 1107166976.0, 1151453696.0, 1195740416.0, 1240027008.0, 1284313728.0, 1328600448.0, 1372887040.0, 1417173760.0, 1461460480.0, 1505747072.0, 1550033792.0, 1594320512.0, 1638607104.0, 1682893824.0, 1727180544.0, 1771467264.0, 1815753856.0, 1860040576.0, 1904327296.0, 1948613888.0, 1992900608.0, 2037187328.0, 2081473920.0, 2125760640.0, 2170047232.0, 2214333952.0, 2258620672.0, 2302907392.0, 2347194112.0, 2391480832.0, 2435767296.0, 2480054016.0, 2524340736.0, 2568627456.0, 2612914176.0, 2657200896.0, 2701487360.0, 2745774080.0, 2790060800.0, 2834347520.0]}, "gradients/graph_92.bias": {"_type": "histogram", "values": [1.0, 0.0, 0.0, 0.0, 0.0, 0.0, 0.0, 0.0, 0.0, 0.0, 0.0, 0.0, 0.0, 0.0, 0.0, 0.0, 0.0, 0.0, 0.0, 0.0, 0.0, 0.0, 0.0, 0.0, 0.0, 0.0, 0.0, 0.0, 0.0, 0.0, 0.0, 0.0, 0.0, 0.0, 0.0, 0.0, 0.0, 0.0, 0.0, 0.0, 1.0, 0.0, 0.0, 1.0, 0.0, 1.0, 0.0, 0.0, 0.0, 0.0, 24.0, 8.0, 85.0, 5.0, 0.0, 1.0, 0.0, 0.0, 0.0, 0.0, 0.0, 0.0, 0.0, 1.0], "bins": [-589306560.0, -577641856.0, -565977216.0, -554312512.0, -542647872.0, -530983200.0, -519318528.0, -507653856.0, -495989184.0, -484324480.0, -472659808.0, -460995136.0, -449330464.0, -437665792.0, -426001120.0, -414336448.0, -402671776.0, -391007104.0, -379342432.0, -367677760.0, -356013088.0, -344348416.0, -332683744.0, -321019072.0, -309354368.0, -297689696.0, -286025024.0, -274360352.0, -262695680.0, -251031008.0, -239366336.0, -227701664.0, -216036992.0, -204372320.0, -192707648.0, -181042976.0, -169378304.0, -157713616.0, -146048944.0, -134384272.0, -122719600.0, -111054928.0, -99390256.0, -87725576.0, -76060904.0, -64396232.0, -52731556.0, -41066880.0, -29402208.0, -17737534.0, -6072860.0, 5591814.0, 17256488.0, 28921162.0, 40585836.0, 52250512.0, 63915184.0, 75579856.0, 87244528.0, 98909208.0, 110573880.0, 122238552.0, 133903232.0, 145567904.0, 157232576.0]}, "gradients/graph_92.weight": {"_type": "histogram", "values": [1.0, 0.0, 0.0, 0.0, 1.0, 0.0, 0.0, 0.0, 0.0, 0.0, 0.0, 1.0, 4.0, 5.0, 5.0, 5.0, 3.0, 8.0, 7.0, 5.0, 1.0, 3.0, 2.0, 1.0, 4.0, 4.0, 4.0, 1.0, 1.0, 1.0, 3.0, 0.0, 0.0, 1.0, 0.0, 1.0, 2.0, 1.0, 4.0, 2.0, 11.0, 3.0, 8.0, 25.0, 38.0, 38.0, 78.0, 56.0, 115.0, 125.0, 17987.0, 12912.0, 1044.0, 166.0, 10.0, 11.0, 21.0, 15.0, 19.0, 2.0, 0.0, 1.0, 1.0, 1.0], "bins": [-13305513984.0, -13043879936.0, -12782246912.0, -12520612864.0, -12258978816.0, -11997344768.0, -11735711744.0, -11474077696.0, -11212443648.0, -10950810624.0, -10689176576.0, -10427542528.0, -10165908480.0, -9904275456.0, -9642641408.0, -9381007360.0, -9119373312.0, -8857740288.0, -8596106240.0, -8334472704.0, -8072838656.0, -7811205120.0, -7549571072.0, -7287937536.0, -7026304000.0, -6764669952.0, -6503036416.0, -6241402368.0, -5979768832.0, -5718134784.0, -5456501248.0, -5194867200.0, -4933233664.0, -4671600128.0, -4409966592.0, -4148332544.0, -3886699008.0, -3625065216.0, -3363431424.0, -3101797632.0, -2840163840.0, -2578530048.0, -2316896256.0, -2055262592.0, -1793628800.0, -1531995008.0, -1270361344.0, -1008727552.0, -747093760.0, -485460000.0, -223826240.0, 37807520.0, 299441280.0, 561075072.0, 822708800.0, 1084342528.0, 1345976320.0, 1607610112.0, 1869243904.0, 2130877568.0, 2392511488.0, 2654145024.0, 2915778816.0, 3177412608.0, 3439046400.0]}, "gradients/graph_90.bias": {"_type": "histogram", "values": [1.0, 0.0, 0.0, 0.0, 0.0, 0.0, 0.0, 0.0, 0.0, 0.0, 0.0, 0.0, 0.0, 0.0, 0.0, 0.0, 0.0, 1.0, 0.0, 0.0, 1.0, 1.0, 0.0, 4.0, 4.0, 9.0, 10.0, 19.0, 7.0, 17.0, 12.0, 8.0, 11.0, 12.0, 8.0, 21.0, 15.0, 7.0, 13.0, 12.0, 11.0, 4.0, 3.0, 5.0, 3.0, 5.0, 2.0, 2.0, 0.0, 3.0, 3.0, 2.0, 1.0, 5.0, 4.0, 1.0, 2.0, 1.0, 1.0, 2.0, 0.0, 1.0, 0.0, 2.0],