{"loss": 0.3627564311027527, "epoch": 199, "_timestamp": 1709805827.385346, "_runtime": 140.21894693374634, "_step": 199, "gradients/graph_198.bias": {"_type": "histogram", "values": [1.0], "bins": [103319.078125, 103319.078125]}, "gradients/graph_198.weight": {"_type": "histogram", "values": [1.0, 6.0, 2.0, 6.0, 1.0, 0.0, 0.0, 0.0, 0.0, 1.0, 0.0, 0.0, 0.0, 0.0, 0.0, 0.0, 0.0, 0.0, 0.0, 0.0, 0.0, 0.0, 0.0, 0.0, 0.0, 1.0, 0.0, 0.0, 0.0, 0.0, 0.0, 0.0, 0.0, 0.0, 0.0, 0.0, 0.0, 0.0, 0.0, 0.0, 0.0, 0.0, 0.0, 0.0, 0.0, 0.0, 0.0, 0.0, 0.0, 0.0, 0.0, 0.0, 0.0, 0.0, 0.0, 0.0, 0.0, 0.0, 0.0, 0.0, 0.0, 0.0, 0.0, 14.0], "bins": [-4685840384.0, -4612624384.0, -4539407872.0, -4466191360.0, -4392975360.0, -4319759360.0, -4246542848.0, -4173326592.0, -4100110336.0, -4026894080.0, -3953677824.0, -3880461568.0, -3807245312.0, -3734029056.0, -3660812800.0, -3587596544.0, -3514380288.0, -3441164032.0, -3367947776.0, -3294731520.0, -3221515264.0, -3148299008.0, -3075082752.0, -3001866496.0, -2928650240.0, -2855433984.0, -2782217728.0, -2709001472.0, -2635785216.0, -2562568960.0, -2489352704.0, -2416136448.0, -2342920192.0, -2269703936.0, -2196487680.0, -2123271424.0, -2050055168.0, -1976838912.0, -1903622656.0, -1830406400.0, -1757190144.0, -1683973888.0, -1610757632.0, -1537541376.0, -1464325120.0, -1391108864.0, -1317892608.0, -1244676352.0, -1171460096.0, -1098243840.0, -1025027584.0, -951811328.0, -878595072.0, -805378816.0, -732162560.0, -658946304.0, -585730048.0, -512513792.0, -439297536.0, -366081280.0, -292865024.0, -219648768.0, -146432512.0, -73216256.0, 0.0]}, "gradients/graph_196.bias": {"_type": "histogram", "values": [14.0, 0.0, 0.0, 0.0, 0.0, 0.0, 0.0, 0.0, 0.0, 0.0, 0.0, 0.0, 0.0, 0.0, 0.0, 0.0, 0.0, 0.0, 0.0, 0.0, 0.0, 1.0, 0.0, 0.0, 0.0, 0.0, 0.0, 0.0, 0.0, 0.0, 0.0, 0.0, 0.0, 0.0, 0.0, 1.0, 0.0, 0.0, 0.0, 0.0, 0.0, 0.0, 0.0, 0.0, 0.0, 0.0, 0.0, 0.0, 0.0, 1.0, 1.0, 0.0, 2.0, 0.0, 0.0, 2.0, 1.0, 2.0, 2.0, 1.0, 0.0, 0.0, 2.0, 2.0], "bins": [0.0, 1232.835205078125, 2465.67041015625, 3698.505615234375, 4931.3408203125, 6164.17578125, 7397.01123046875, 8629.8466796875, 9862.681640625, 11095.5166015625, 12328.3515625, 13561.1875, 14794.0224609375, 16026.857421875, 17259.693359375, 18492.52734375, 19725.36328125, 20958.19921875, 22191.033203125, 23423.869140625, 24656.703125, 25889.5390625, 27122.375, 28355.208984375, 29588.044921875, 30820.880859375, 32053.71484375, 33286.55078125, 34519.38671875, 35752.22265625, 36985.0546875, 38217.890625, 39450.7265625, 40683.5625, 41916.3984375, 43149.23046875, 44382.06640625, 45614.90234375, 46847.73828125, 48080.57421875, 49313.40625, 50546.2421875, 51779.078125, 53011.9140625, 54244.75, 55477.5859375, 56710.41796875, 57943.25390625, 59176.08984375, 60408.92578125, 61641.76171875, 62874.59375, 64107.4296875, 65340.265625, 66573.1015625, 67805.9375, 69038.7734375, 70271.609375, 71504.4453125, 72737.2734375, 73970.109375, 75202.9453125, 76435.78125, 77668.6171875, 78901.453125]}, "gradients/graph_196.weight": {"_type": "histogram", "values": [8.0, 9.0, 13.0, 18.0, 10.0, 4.0, 2.0, 4.0, 8.0, 16.0, 20.0, 12.0, 6.0, 38.0, 176.0, 223.0, 65.0, 32.0, 7.0, 30.0, 1.0, 17.0, 1311.0, 0.0, 0.0, 0.0, 0.0, 0.0, 0.0, 0.0, 0.0, 0.0, 0.0, 0.0, 0.0, 0.0, 1.0, 0.0, 0.0, 0.0, 0.0, 0.0, 0.0, 0.0, 0.0, 1.0, 0.0, 0.0, 0.0, 0.0, 0.0, 0.0, 0.0, 0.0, 1.0, 1.0, 2.0, 0.0, 2.0, 3.0, 2.0, 1.0, 1.0, 3.0], "bins": [-280970752.0, -268328496.0, -255686240.0, -243044000.0, -230401744.0, -217759488.0, -205117248.0, -192474992.0, -179832736.0, -167190480.0, -154548224.0, -141905984.0, -129263728.0, -116621472.0, -103979224.0, -91336976.0, -78694720.0, -66052468.0, -53410216.0, -40767964.0, -28125712.0, -15483460.0, -2841208.0, 9801044.0, 22443296.0, 35085548.0, 47727800.0, 60370052.0, 73012304.0, 85654560.0, 98296808.0, 110939056.0, 123581344.0, 136223600.0, 148865856.0, 161508096.0, 174150352.0, 186792608.0, 199434848.0, 212077104.0, 224719360.0, 237361616.0, 250003872.0, 262646112.0, 275288384.0, 287930624.0, 300572864.0, 313215136.0, 325857376.0, 338499616.0, 351141888.0, 363784128.0, 376426368.0, 389068640.0, 401710880.0, 414353152.0, 426995392.0, 439637632.0, 452279904.0, 464922144.0, 477564416.0, 490206656.0, 502848896.0, 515491168.0, 528133408.0]}, "gradients/graph_194.bias": {"_type": "histogram", "values": [1.0, 0.0, 0.0, 0.0, 0.0, 0.0, 0.0, 0.0, 0.0, 0.0, 0.0, 0.0, 0.0, 0.0, 0.0, 0.0, 0.0, 0.0, 0.0, 0.0, 0.0, 0.0, 0.0, 0.0, 0.0, 0.0, 0.0, 0.0, 0.0, 0.0, 0.0, 0.0, 0.0, 0.0, 0.0, 0.0, 0.0, 0.0, 0.0, 0.0, 0.0, 0.0, 0.0, 0.0, 23.0, 0.0, 0.0, 2.0, 0.0, 0.0, 0.0, 0.0, 1.0, 2.0, 1.0, 1.0, 0.0, 0.0, 1.0, 0.0, 0.0, 1.0, 5.0, 26.0], "bins": [-1622967.0, -1586086.125, -1549205.125, -1512324.25, -1475443.25, -1438562.375, -1401681.375, -1364800.5, -1327919.5, -1291038.625, -1254157.75, -1217276.75, -1180395.875, -1143514.875, -1106634.0, -1069753.0, -1032872.125, -995991.1875, -959110.25, -922229.3125, -885348.375, -848467.5, -811586.5625, -774705.625, -737824.6875, -700943.75, -664062.8125, -627181.875, -590301.0, -553420.0625, -516539.125, -479658.1875, -442777.125, -405896.1875, -369015.25, -332134.34375, -295253.40625, -258372.46875, -221491.546875, -184610.625, -147729.6875, -110848.7578125, -73967.828125, -37086.8984375, -205.96875, 36674.9609375, 73555.890625, 110436.8203125, 147317.75, 184198.6875, 221079.609375, 257960.53125, 294841.46875, 331722.40625, 368603.3125, 405484.25, 442365.1875, 479246.125, 516127.0625, 553008.0, 589888.875, 626769.8125, 663650.75, 700531.6875, 737412.625]}, "gradients/graph_194.weight": {"_type": "histogram", "values": [1.0, 1.0, 0.0, 0.0, 0.0, 0.0, 0.0, 0.0, 0.0, 0.0, 0.0, 0.0, 0.0, 0.0, 0.0, 0.0, 0.0, 0.0, 0.0, 0.0, 0.0, 0.0, 0.0, 1.0, 0.0, 0.0, 0.0, 0.0, 0.0, 11.0, 79.0, 7.0, 8.0, 4.0, 3.0, 0.0, 2.0, 3.0, 1.0, 0.0, 0.0, 1.0, 0.0, 2.0, 3247.0, 340.0, 581.0, 200.0, 342.0, 1360.0, 1890.0, 0.0, 6.0, 28.0, 4.0, 3.0, 1.0, 1.0, 1.0, 0.0, 0.0, 5.0, 29.0, 30.0], "bins": [-678484352.0, -663066240.0, -647648064.0, -632229888.0, -616811776.0, -601393664.0, -585975488.0, -570557312.0, -555139200.0, -539721088.0, -524302912.0, -508884768.0, -493466624.0, -478048480.0, -462630336.0, -447212192.0, -431794048.0, -416375904.0, -400957760.0, -385539616.0, -370121472.0, -354703328.0, -339285184.0, -323867040.0, -308448896.0, -293030752.0, -277612608.0, -262194464.0, -246776320.0, -231358176.0, -215940032.0, -200521888.0, -185103712.0, -169685568.0, -154267424.0, -138849280.0, -123431136.0, -108012992.0, -92594848.0, -77176704.0, -61758560.0, -46340416.0, -30922272.0, -15504128.0, -85984.0, 15332160.0, 30750304.0, 46168448.0, 61586592.0, 77004736.0, 92422880.0, 107841024.0, 123259168.0, 138677312.0, 154095456.0, 169513600.0, 184931744.0, 200349888.0, 215768032.0, 231186176.0, 246604320.0, 262022464.0, 277440608.0, 292858752.0, 308276896.0]}, "gradients/graph_192.bias": {"_type": "histogram", "values": [1.0, 0.0, 0.0, 0.0, 0.0, 0.0, 0.0, 1.0, 0.0, 0.0, 0.0, 0.0, 0.0, 0.0, 0.0, 0.0, 0.0, 0.0, 0.0, 0.0, 0.0, 0.0, 0.0, 0.0, 0.0, 0.0, 0.0, 0.0, 0.0, 0.0, 0.0, 0.0, 0.0, 0.0, 0.0, 0.0, 0.0, 0.0, 0.0, 0.0, 0.0, 0.0, 0.0, 0.0, 0.0, 1.0, 0.0, 0.0, 0.0, 0.0, 0.0, 0.0, 0.0, 0.0, 0.0, 0.0, 0.0, 0.0, 1.0, 0.0, 5.0, 2.0, 25.0, 92.0],