{"loss": 11.681205749511719, "epoch": 4, "_timestamp": 1708153737.8288698, "_runtime": 776.3593218326569, "_step": 4, "_wandb": {"runtime": 773}}